"","site.ID","datetimeAK","Discharge","NO3","fDOM","SPC","Turb","day","DateTime","SpCond"
"9490","CARI",2021-08-09 02:00:00,208.078666666667,NA,39.5013333333333,93.4676666666667,1.78733333333333,2021-08-09,2021-08-09 02:00:00,93.4676666666667
"9491","CARI",2021-08-09 02:15:00,207.600666666667,NA,39.5993333333333,93.3346666666667,1.842,2021-08-09,2021-08-09 02:15:00,93.3346666666667
"9492","CARI",2021-08-09 02:30:00,206.573333333333,NA,39.6653333333333,93.2073333333333,1.941,2021-08-09,2021-08-09 02:30:00,93.2073333333333
"9493","CARI",2021-08-09 02:45:00,207.794666666667,NA,39.8233333333333,93.084,2.05133333333333,2021-08-09,2021-08-09 02:45:00,93.084
"9494","CARI",2021-08-09 03:00:00,206.504666666667,NA,39.9713333333333,92.9503333333333,2.20766666666667,2021-08-09,2021-08-09 03:00:00,92.9503333333333
"9495","CARI",2021-08-09 03:15:00,208.028,NA,40.278,92.8196666666667,2.38066666666667,2021-08-09,2021-08-09 03:15:00,92.8196666666667
"9496","CARI",2021-08-09 03:30:00,209.392,NA,40.5653333333333,92.6683333333333,2.52166666666667,2021-08-09,2021-08-09 03:30:00,92.6683333333333
"9497","CARI",2021-08-09 03:45:00,211.1,NA,40.8106666666667,92.5203333333333,2.87433333333333,2021-08-09,2021-08-09 03:45:00,92.5203333333333
"9498","CARI",2021-08-09 04:00:00,213.006666666667,NA,41.0193333333333,92.369,2.71,2021-08-09,2021-08-09 04:00:00,92.369
"9499","CARI",2021-08-09 04:15:00,211.064,NA,41.206,92.207,2.927,2021-08-09,2021-08-09 04:15:00,92.207
"9500","CARI",2021-08-09 04:30:00,210.413333333333,NA,41.614,92.0183333333333,2.91566666666667,2021-08-09,2021-08-09 04:30:00,92.0183333333333
"9501","CARI",2021-08-09 04:45:00,211.295333333333,NA,41.9673333333333,91.7983333333333,2.96366666666667,2021-08-09,2021-08-09 04:45:00,91.7983333333333
"9502","CARI",2021-08-09 05:00:00,212.224,NA,42.3033333333333,91.5516666666667,3.224,2021-08-09,2021-08-09 05:00:00,91.5516666666667
"9503","CARI",2021-08-09 05:15:00,211.774,NA,42.6286666666667,91.3186666666667,3.44633333333333,2021-08-09,2021-08-09 05:15:00,91.3186666666667
"9504","CARI",2021-08-09 05:30:00,213.027333333333,NA,43.076,91.0353333333333,3.632,2021-08-09,2021-08-09 05:30:00,91.0353333333333
"9505","CARI",2021-08-09 05:45:00,214.138,NA,43.5966666666667,90.7903333333333,4.04966666666667,2021-08-09,2021-08-09 05:45:00,90.7903333333333
"9506","CARI",2021-08-09 06:00:00,216.451333333333,NA,43.98,90.6347826086957,4.84521739130435,2021-08-09,2021-08-09 06:00:00,90.6347826086957
"9507","CARI",2021-08-09 06:15:00,218.798,NA,NA,90.4713333333333,4.346,2021-08-09,2021-08-09 06:15:00,90.4713333333333
"9508","CARI",2021-08-09 06:30:00,220.344,NA,45.2793333333333,90.226,4.31333333333333,2021-08-09,2021-08-09 06:30:00,90.226
"9509","CARI",2021-08-09 06:45:00,224.794666666667,25.1,49.8406666666667,89.914,4.75666666666667,2021-08-09,2021-08-09 06:45:00,89.914
"9510","CARI",2021-08-09 07:00:00,228.62,25.1,50.4673333333333,89.5993333333333,4.64733333333333,2021-08-09,2021-08-09 07:00:00,89.5993333333333
"9511","CARI",2021-08-09 07:15:00,230.802,25,51.4913333333333,89.285,4.33633333333333,2021-08-09,2021-08-09 07:15:00,89.285
"9512","CARI",2021-08-09 07:30:00,232.786666666667,25.1,52.414,88.967,4.352,2021-08-09,2021-08-09 07:30:00,88.967
"9513","CARI",2021-08-09 07:45:00,235.84,25,53.2466666666667,88.616,4.49766666666667,2021-08-09,2021-08-09 07:45:00,88.616
"9514","CARI",2021-08-09 08:00:00,242.982666666667,25,54.0133333333333,88.252,4.534,2021-08-09,2021-08-09 08:00:00,88.252
"9515","CARI",2021-08-09 08:15:00,247.114666666667,25,54.9853333333333,87.8566666666667,4.70733333333333,2021-08-09,2021-08-09 08:15:00,87.8566666666667
"9516","CARI",2021-08-09 08:30:00,249.771333333333,25,56.014,87.427,4.799,2021-08-09,2021-08-09 08:30:00,87.427
"9517","CARI",2021-08-09 08:45:00,250.252,24.9,57.1626666666667,86.996,4.98966666666667,2021-08-09,2021-08-09 08:45:00,86.996
"9518","CARI",2021-08-09 09:00:00,254.546,24.9,58.3206666666667,86.5966666666667,5.00866666666667,2021-08-09,2021-08-09 09:00:00,86.5966666666667
"9519","CARI",2021-08-09 09:15:00,255.867333333333,24.8,59.372,86.2576666666667,4.95533333333333,2021-08-09,2021-08-09 09:15:00,86.2576666666667
"9520","CARI",2021-08-09 09:30:00,257.568666666667,24.8,60.4273333333333,85.899,4.90633333333333,2021-08-09,2021-08-09 09:30:00,85.899
"9521","CARI",2021-08-09 09:45:00,260.698666666667,24.8,61.4733333333333,85.5456666666667,4.89233333333333,2021-08-09,2021-08-09 09:45:00,85.5456666666667
"9522","CARI",2021-08-09 10:00:00,264.651333333333,24.8,62.446,85.1996666666667,4.93366666666667,2021-08-09,2021-08-09 10:00:00,85.1996666666667
"9523","CARI",2021-08-09 10:15:00,269.882,24.7,63.522,84.856,5.02066666666667,2021-08-09,2021-08-09 10:15:00,84.856
"9524","CARI",2021-08-09 10:30:00,277.864666666667,24.7,64.6,84.4813333333333,4.96933333333333,2021-08-09,2021-08-09 10:30:00,84.4813333333333
"9525","CARI",2021-08-09 10:45:00,281.868666666667,24.6,65.6293333333333,84.094,4.92,2021-08-09,2021-08-09 10:45:00,84.094
"9526","CARI",2021-08-09 11:00:00,288.950666666667,24.7,66.7993333333333,83.7266666666667,4.841,2021-08-09,2021-08-09 11:00:00,83.7266666666667
"9527","CARI",2021-08-09 11:15:00,297.678,24.6,68.1133333333333,83.3016666666667,4.81233333333333,2021-08-09,2021-08-09 11:15:00,83.3016666666667
"9528","CARI",2021-08-09 11:30:00,304.449333333333,24.7,69.5586666666667,82.9083333333333,4.714,2021-08-09,2021-08-09 11:30:00,82.9083333333333
"9529","CARI",2021-08-09 11:45:00,307.808666666667,24.5,70.768,82.5013333333333,4.63766666666667,2021-08-09,2021-08-09 11:45:00,82.5013333333333
"9530","CARI",2021-08-09 12:00:00,313.293333333333,24.6,72.0753333333333,82.0936666666667,4.65466666666667,2021-08-09,2021-08-09 12:00:00,82.0936666666667
"9531","CARI",2021-08-09 12:15:00,316.871333333333,24.6,73.2386666666667,81.734,4.62533333333333,2021-08-09,2021-08-09 12:15:00,81.734
"9532","CARI",2021-08-09 12:30:00,321.319333333333,24.6,74.3686666666667,81.4063333333333,4.58633333333333,2021-08-09,2021-08-09 12:30:00,81.4063333333333
"9533","CARI",2021-08-09 12:45:00,326.779333333333,24.6,75.4693333333333,81.0553333333333,4.54966666666667,2021-08-09,2021-08-09 12:45:00,81.0553333333333
"9534","CARI",2021-08-09 13:00:00,332.361333333333,24.6,76.4373333333333,80.6896666666667,4.65566666666667,2021-08-09,2021-08-09 13:00:00,80.6896666666667
"9535","CARI",2021-08-09 13:15:00,343.202,24.6,77.526,80.3626666666667,4.49766666666667,2021-08-09,2021-08-09 13:15:00,80.3626666666667
"9536","CARI",2021-08-09 13:30:00,351.761333333333,24.5,78.428,80.0333333333333,4.32433333333333,2021-08-09,2021-08-09 13:30:00,80.0333333333333
"9537","CARI",2021-08-09 13:45:00,357.384,24.5,79.4846666666667,79.7336666666667,4.22733333333333,2021-08-09,2021-08-09 13:45:00,79.7336666666667
"9538","CARI",2021-08-09 14:00:00,365.65625,24.5,80.3853333333333,79.461,4.10766666666667,2021-08-09,2021-08-09 14:00:00,79.461
"9539","CARI",2021-08-09 14:30:00,375,24.5,81.8326666666667,79.0053333333333,4.06966666666667,2021-08-09,2021-08-09 14:30:00,79.0053333333333
"9540","CARI",2021-08-09 14:45:00,381.167333333333,24.5,82.5453333333333,78.777,4.022,2021-08-09,2021-08-09 14:45:00,78.777
"9541","CARI",2021-08-09 15:00:00,386.163333333333,24.6,83.254,78.575,3.88166666666667,2021-08-09,2021-08-09 15:00:00,78.575
"9542","CARI",2021-08-09 15:15:00,393.186,24.4,83.86,78.3613333333333,3.86933333333333,2021-08-09,2021-08-09 15:15:00,78.3613333333333
"9543","CARI",2021-08-09 15:30:00,398.902666666667,24.5,84.5166666666667,78.179,3.78933333333333,2021-08-09,2021-08-09 15:30:00,78.179
"9544","CARI",2021-08-09 15:45:00,405.217333333333,24.4,85.0813333333333,78.0133333333333,3.71866666666667,2021-08-09,2021-08-09 15:45:00,78.0133333333333
"9545","CARI",2021-08-09 16:00:00,410.450666666667,24.4,85.696,77.8636666666667,3.648,2021-08-09,2021-08-09 16:00:00,77.8636666666667
"9546","CARI",2021-08-09 16:15:00,414.212666666667,24.5,86.2366666666667,77.7213333333333,3.64833333333333,2021-08-09,2021-08-09 16:15:00,77.7213333333333
"9547","CARI",2021-08-09 16:30:00,418.821333333333,24.4,86.6313333333333,77.6053333333333,3.59866666666667,2021-08-09,2021-08-09 16:30:00,77.6053333333333
"9548","CARI",2021-08-09 16:45:00,423.77,24.4,87.2886666666667,77.4913333333333,3.377,2021-08-09,2021-08-09 16:45:00,77.4913333333333
"9549","CARI",2021-08-09 17:00:00,424.722,24.4,87.608,77.3883333333333,3.374,2021-08-09,2021-08-09 17:00:00,77.3883333333333
"9550","CARI",2021-08-09 17:15:00,427.968666666667,24.4,88.1486666666667,77.283,3.38266666666667,2021-08-09,2021-08-09 17:15:00,77.283
"9551","CARI",2021-08-09 17:30:00,432.551333333333,24.5,88.3626666666667,77.185,3.20633333333333,2021-08-09,2021-08-09 17:30:00,77.185
"9552","CARI",2021-08-09 17:45:00,435.65,24.4,88.8613333333333,77.0823333333333,4.635,2021-08-09,2021-08-09 17:45:00,77.0823333333333
"9553","CARI",2021-08-09 18:00:00,437.436666666667,24.4,88.7593333333333,77.0293333333333,3.55433333333333,2021-08-09,2021-08-09 18:00:00,77.0293333333333
"9554","CARI",2021-08-09 18:15:00,440.17,24.5,89.182,76.9756666666667,3.483,2021-08-09,2021-08-09 18:15:00,76.9756666666667
"9555","CARI",2021-08-09 18:30:00,439.668666666667,24.4,89.1646666666667,76.828,4.17766666666667,2021-08-09,2021-08-09 18:30:00,76.828
"9556","CARI",2021-08-09 18:45:00,443.662666666667,24.5,89.178,76.751,3.724,2021-08-09,2021-08-09 18:45:00,76.751
"9557","CARI",2021-08-09 19:00:00,446.729333333333,24.5,89.724,76.7583333333333,3.43933333333333,2021-08-09,2021-08-09 19:00:00,76.7583333333333
"9558","CARI",2021-08-09 19:15:00,449.237333333333,24.4,89.8226666666667,76.7766666666667,4.03266666666667,2021-08-09,2021-08-09 19:15:00,76.7766666666667
"9559","CARI",2021-08-09 19:30:00,450.038,24.6,89.7493333333333,76.71,4.29833333333333,2021-08-09,2021-08-09 19:30:00,76.71
"9560","CARI",2021-08-09 19:45:00,449.396,24.6,89.824,76.705,3.845,2021-08-09,2021-08-09 19:45:00,76.705
"9561","CARI",2021-08-09 20:00:00,450.35,24.7,90.422,76.7223333333333,3.17,2021-08-09,2021-08-09 20:00:00,76.7223333333333
"9562","CARI",2021-08-09 20:15:00,453.431333333333,24.7,90.7373333333333,76.721,3.04133333333333,2021-08-09,2021-08-09 20:15:00,76.721
"9563","CARI",2021-08-09 20:30:00,453.501333333333,24.7,90.8646666666667,76.677,3.20333333333333,2021-08-09,2021-08-09 20:30:00,76.677
"9564","CARI",2021-08-09 20:45:00,455.843333333333,24.7,91.2826666666667,76.6503333333333,2.99933333333333,2021-08-09,2021-08-09 20:45:00,76.6503333333333
"9565","CARI",2021-08-09 21:00:00,458.355333333333,24.9,91.5286666666667,76.6553333333333,2.84966666666667,2021-08-09,2021-08-09 21:00:00,76.6553333333333
"9566","CARI",2021-08-09 21:15:00,459.666,24.8,91.3186666666667,76.69,2.898,2021-08-09,2021-08-09 21:15:00,76.69
"9567","CARI",2021-08-09 21:30:00,458.105333333333,24.9,91.256,76.73,2.926,2021-08-09,2021-08-09 21:30:00,76.73
"9568","CARI",2021-08-09 21:45:00,457.553333333333,25.1,91.302,76.7806666666667,2.93933333333333,2021-08-09,2021-08-09 21:45:00,76.7806666666667
"9569","CARI",2021-08-09 22:00:00,458.216,25.1,91.3933333333333,76.8166666666667,2.83633333333333,2021-08-09,2021-08-09 22:00:00,76.8166666666667
"9570","CARI",2021-08-09 22:15:00,455.443333333333,25.2,91.4826666666667,76.8643333333333,2.996,2021-08-09,2021-08-09 22:15:00,76.8643333333333
"9571","CARI",2021-08-09 22:30:00,458.019333333333,25.2,91.1926666666667,76.921,3.38366666666667,2021-08-09,2021-08-09 22:30:00,76.921
"9572","CARI",2021-08-09 22:45:00,456.09,25.4,90.922,76.906,3.12133333333333,2021-08-09,2021-08-09 22:45:00,76.906
"9573","CARI",2021-08-09 23:00:00,454.475333333333,25.3,90.93,76.9253333333333,2.96933333333333,2021-08-09,2021-08-09 23:00:00,76.9253333333333
"9574","CARI",2021-08-09 23:15:00,454.222666666667,25.3,90.9013333333333,76.9813333333333,3.09933333333333,2021-08-09,2021-08-09 23:15:00,76.9813333333333
"9575","CARI",2021-08-09 23:30:00,454.949333333333,25.6,90.6793333333333,77.0333333333333,3.44266666666667,2021-08-09,2021-08-09 23:30:00,77.0333333333333
"9576","CARI",2021-08-09 23:45:00,454.458,25.5,90.7586666666667,77.069,3.31533333333333,2021-08-09,2021-08-09 23:45:00,77.069
"9577","CARI",2021-08-10 00:00:00,453.364666666667,25.5,90.6366666666667,77.087,3.47033333333333,2021-08-10,2021-08-10 00:00:00,77.087
"9578","CARI",2021-08-10 00:15:00,451.764,25.6,90.6073333333333,77.1723333333333,3.40066666666667,2021-08-10,2021-08-10 00:15:00,77.1723333333333
"9579","CARI",2021-08-10 00:30:00,450.131333333333,25.8,90.2873333333333,77.1773333333333,3.52033333333333,2021-08-10,2021-08-10 00:30:00,77.1773333333333
"9580","CARI",2021-08-10 00:45:00,448.971333333333,25.8,90.3346666666667,77.2186666666667,3.351,2021-08-10,2021-08-10 00:45:00,77.2186666666667
"9581","CARI",2021-08-10 01:00:00,447.586,25.9,90.1893333333333,77.3036666666667,3.222,2021-08-10,2021-08-10 01:00:00,77.3036666666667
"9582","CARI",2021-08-10 01:15:00,446.010666666667,25.9,90.2346666666667,77.3526666666667,3.241,2021-08-10,2021-08-10 01:15:00,77.3526666666667
"9583","CARI",2021-08-10 01:30:00,447.934666666667,26,89.9686666666667,77.393,3.232,2021-08-10,2021-08-10 01:30:00,77.393
"9584","CARI",2021-08-10 01:45:00,446.492,26.2,89.798,77.4433333333333,3.016,2021-08-10,2021-08-10 01:45:00,77.4433333333333
"9585","CARI",2021-08-10 02:00:00,444.218,26.1,89.762,77.5036666666667,2.89466666666667,2021-08-10,2021-08-10 02:00:00,77.5036666666667
"9586","CARI",2021-08-10 02:15:00,442.749333333333,26.3,89.7266666666667,77.5493333333333,2.85733333333333,2021-08-10,2021-08-10 02:15:00,77.5493333333333
"9587","CARI",2021-08-10 02:30:00,442.607333333333,26.4,89.5846666666667,77.615,2.75433333333333,2021-08-10,2021-08-10 02:30:00,77.615
"9588","CARI",2021-08-10 02:45:00,441.527333333333,26.4,89.4306666666667,77.6853333333333,2.59066666666667,2021-08-10,2021-08-10 02:45:00,77.6853333333333
"9589","CARI",2021-08-10 03:00:00,438.339333333333,26.4,89.302,77.7623333333333,2.564,2021-08-10,2021-08-10 03:00:00,77.7623333333333
"9590","CARI",2021-08-10 03:15:00,438.184666666667,26.5,89.2853333333333,77.8253333333333,2.523,2021-08-10,2021-08-10 03:15:00,77.8253333333333
"9591","CARI",2021-08-10 03:30:00,436.545333333333,26.5,89.152,77.864,2.50266666666667,2021-08-10,2021-08-10 03:30:00,77.864
"9592","CARI",2021-08-10 03:45:00,435.919333333333,26.6,88.9653333333333,77.946,2.512,2021-08-10,2021-08-10 03:45:00,77.946
"9593","CARI",2021-08-10 04:00:00,435.665333333333,26.8,88.708,77.9996666666667,2.557,2021-08-10,2021-08-10 04:00:00,77.9996666666667
"9594","CARI",2021-08-10 04:15:00,432.412,26.8,88.5093333333333,78.055,2.46733333333333,2021-08-10,2021-08-10 04:15:00,78.055
"9595","CARI",2021-08-10 04:30:00,430.792,26.8,88.4906666666667,78.0993333333333,2.394,2021-08-10,2021-08-10 04:30:00,78.0993333333333
"9596","CARI",2021-08-10 04:45:00,431.914,27,88.3546666666667,78.1576666666667,2.30433333333333,2021-08-10,2021-08-10 04:45:00,78.1576666666667
"9597","CARI",2021-08-10 05:00:00,429.201333333333,27,88.2306666666667,78.1866666666667,2.23133333333333,2021-08-10,2021-08-10 05:00:00,78.1866666666667
"9598","CARI",2021-08-10 05:15:00,430.736666666667,27,88.1766666666667,78.2123333333333,2.22233333333333,2021-08-10,2021-08-10 05:15:00,78.2123333333333
"9599","CARI",2021-08-10 05:30:00,428.026666666667,27.2,88.046,78.245,2.27366666666667,2021-08-10,2021-08-10 05:30:00,78.245
"9600","CARI",2021-08-10 05:45:00,424.064,27.4,87.964,78.252,2.34033333333333,2021-08-10,2021-08-10 05:45:00,78.252
"9601","CARI",2021-08-10 06:00:00,424.575333333333,27.3,87.926,78.2573333333333,2.28833333333333,2021-08-10,2021-08-10 06:00:00,78.2573333333333
"9602","CARI",2021-08-10 06:15:00,422.801333333333,27.4,87.99,78.299,2.23233333333333,2021-08-10,2021-08-10 06:15:00,78.299
"9603","CARI",2021-08-10 06:30:00,420.467333333333,27.4,87.6533333333333,78.4126666666667,2.301,2021-08-10,2021-08-10 06:30:00,78.4126666666667
"9604","CARI",2021-08-10 06:45:00,420.287333333333,27.4,87.2653333333333,78.465,2.26333333333333,2021-08-10,2021-08-10 06:45:00,78.465
"9605","CARI",2021-08-10 07:00:00,414.984,27.5,87.3026666666667,78.4723333333333,2.20333333333333,2021-08-10,2021-08-10 07:00:00,78.4723333333333
"9606","CARI",2021-08-10 07:15:00,415.614666666667,27.7,87.2546666666667,78.4786666666667,2.17933333333333,2021-08-10,2021-08-10 07:15:00,78.4786666666667
"9607","CARI",2021-08-10 07:30:00,413.938,27.7,87.3206666666667,78.5086666666667,2.74933333333333,2021-08-10,2021-08-10 07:30:00,78.5086666666667
"9608","CARI",2021-08-10 07:45:00,414.226,27.6,86.8766666666667,78.5436666666667,2.81266666666667,2021-08-10,2021-08-10 07:45:00,78.5436666666667
"9609","CARI",2021-08-10 08:00:00,410.734,27.7,87.1226666666667,78.5653333333333,2.391,2021-08-10,2021-08-10 08:00:00,78.5653333333333
"9610","CARI",2021-08-10 08:15:00,409.142,27.7,87.2766666666667,78.5453333333333,2.15433333333333,2021-08-10,2021-08-10 08:15:00,78.5453333333333
"9611","CARI",2021-08-10 08:30:00,407.044,27.8,87.3833333333333,78.5506666666667,2.042,2021-08-10,2021-08-10 08:30:00,78.5506666666667
"9612","CARI",2021-08-10 08:45:00,406.132,27.9,87.3153333333333,78.558,2.00333333333333,2021-08-10,2021-08-10 08:45:00,78.558
"9613","CARI",2021-08-10 09:00:00,403.906,28,87.252,78.5163333333333,1.955,2021-08-10,2021-08-10 09:00:00,78.5163333333333
"9614","CARI",2021-08-10 09:15:00,402.515333333333,27.9,87.1786666666667,78.4716666666667,1.92966666666667,2021-08-10,2021-08-10 09:15:00,78.4716666666667
"9615","CARI",2021-08-10 09:30:00,402.696666666667,28,87.0366666666667,78.4483333333333,1.88533333333333,2021-08-10,2021-08-10 09:30:00,78.4483333333333
"9616","CARI",2021-08-10 09:45:00,402.021333333333,28.1,86.8813333333333,78.3893333333333,1.86033333333333,2021-08-10,2021-08-10 09:45:00,78.3893333333333
"9617","CARI",2021-08-10 10:00:00,401.494,27.9,86.756,78.354,1.84633333333333,2021-08-10,2021-08-10 10:00:00,78.354
"9618","CARI",2021-08-10 10:15:00,402.772666666667,28.1,86.6686666666667,78.3346666666667,1.84733333333333,2021-08-10,2021-08-10 10:15:00,78.3346666666667
"9619","CARI",2021-08-10 10:30:00,397.492,28.2,86.4453333333333,78.3186666666667,1.82833333333333,2021-08-10,2021-08-10 10:30:00,78.3186666666667
"9620","CARI",2021-08-10 10:45:00,396.963333333333,28,86.2953333333333,78.2186666666667,1.81766666666667,2021-08-10,2021-08-10 10:45:00,78.2186666666667
"9621","CARI",2021-08-10 11:00:00,398.714,28.1,86.0666666666667,78.1366666666667,1.80566666666667,2021-08-10,2021-08-10 11:00:00,78.1366666666667
"9622","CARI",2021-08-10 11:15:00,396.414666666667,28.1,85.9086666666667,78.1076666666667,1.78933333333333,2021-08-10,2021-08-10 11:15:00,78.1076666666667
"9623","CARI",2021-08-10 11:30:00,394.574,28.1,85.814,78.0563333333333,1.78833333333333,2021-08-10,2021-08-10 11:30:00,78.0563333333333
"9624","CARI",2021-08-10 11:45:00,394.438,28.1,85.594,78.0086666666667,1.76733333333333,2021-08-10,2021-08-10 11:45:00,78.0086666666667
"9625","CARI",2021-08-10 12:00:00,394.198,28.1,85.3286666666667,77.9686666666667,1.76033333333333,2021-08-10,2021-08-10 12:00:00,77.9686666666667
"9626","CARI",2021-08-10 12:15:00,390.825333333333,28.1,85.2546666666667,77.918,1.78066666666667,2021-08-10,2021-08-10 12:15:00,77.918
"9627","CARI",2021-08-10 12:30:00,392.609333333333,28.1,85.028,77.9446666666667,1.746,2021-08-10,2021-08-10 12:30:00,77.9446666666667
"9628","CARI",2021-08-10 12:45:00,390.72,28.3,84.8006666666667,77.9346666666667,1.758,2021-08-10,2021-08-10 12:45:00,77.9346666666667
"9629","CARI",2021-08-10 13:00:00,388.496666666667,28.1,84.5686666666667,77.909,1.738,2021-08-10,2021-08-10 13:00:00,77.909
"9630","CARI",2021-08-10 13:15:00,387.302,28.1,84.2533333333333,77.9233333333333,1.75433333333333,2021-08-10,2021-08-10 13:15:00,77.9233333333333
"9631","CARI",2021-08-10 13:30:00,387.362,28.2,84.0713333333333,77.9053333333333,1.857,2021-08-10,2021-08-10 13:30:00,77.9053333333333
"9632","CARI",2021-08-10 13:45:00,387.544666666667,28.1,83.9273333333333,77.875,1.76133333333333,2021-08-10,2021-08-10 13:45:00,77.875
"9633","CARI",2021-08-10 14:00:00,384.734,28.1,83.718,77.8736666666667,1.735,2021-08-10,2021-08-10 14:00:00,77.8736666666667
"9634","CARI",2021-08-10 14:15:00,381.782666666667,28.2,83.578,77.868,1.76533333333333,2021-08-10,2021-08-10 14:15:00,77.868
"9635","CARI",2021-08-10 14:30:00,382.552666666667,28.1,83.364,77.8336666666667,1.772,2021-08-10,2021-08-10 14:30:00,77.8336666666667
"9636","CARI",2021-08-10 14:45:00,381.130666666667,28.1,83.158,77.8256666666667,1.751,2021-08-10,2021-08-10 14:45:00,77.8256666666667
"9637","CARI",2021-08-10 15:00:00,379.748666666667,28.1,83.006,77.8326666666667,1.77466666666667,2021-08-10,2021-08-10 15:00:00,77.8326666666667
"9638","CARI",2021-08-10 15:15:00,380.736666666667,28.2,82.6326666666667,77.782,1.76566666666667,2021-08-10,2021-08-10 15:15:00,77.782
"9639","CARI",2021-08-10 15:30:00,379.718,28.2,82.5533333333333,77.755,1.745,2021-08-10,2021-08-10 15:30:00,77.755
"9640","CARI",2021-08-10 15:45:00,378.011333333333,28.1,82.414,77.682,1.76,2021-08-10,2021-08-10 15:45:00,77.682
"9641","CARI",2021-08-10 16:00:00,378.554,28,82.09,77.6903333333333,1.782,2021-08-10,2021-08-10 16:00:00,77.6903333333333
"9642","CARI",2021-08-10 16:15:00,378.645333333333,28.1,82.0826666666667,77.665,1.76266666666667,2021-08-10,2021-08-10 16:15:00,77.665
"9643","CARI",2021-08-10 16:30:00,376.764,28.1,82.0033333333333,77.677,1.89566666666667,2021-08-10,2021-08-10 16:30:00,77.677
"9644","CARI",2021-08-10 16:45:00,377.904,28.2,81.7213333333333,77.6533333333333,1.73733333333333,2021-08-10,2021-08-10 16:45:00,77.6533333333333
"9645","CARI",2021-08-10 17:00:00,378.110666666667,28.1,81.6506666666667,77.6036666666667,1.739,2021-08-10,2021-08-10 17:00:00,77.6036666666667
"9646","CARI",2021-08-10 17:15:00,377.147333333333,28.1,81.5713333333333,77.555,1.72833333333333,2021-08-10,2021-08-10 17:15:00,77.555
"9647","CARI",2021-08-10 17:30:00,373.966,28.1,81.3633333333333,77.5756666666667,1.756,2021-08-10,2021-08-10 17:30:00,77.5756666666667
"9648","CARI",2021-08-10 17:45:00,374.439333333333,28.1,81.276,77.5196666666667,1.72766666666667,2021-08-10,2021-08-10 17:45:00,77.5196666666667
"9649","CARI",2021-08-10 18:00:00,375.070666666667,28.1,81.1573333333333,77.5266666666667,1.70833333333333,2021-08-10,2021-08-10 18:00:00,77.5266666666667
"9650","CARI",2021-08-10 18:15:00,372.951333333333,28.1,81.0433333333333,77.4906666666667,1.76533333333333,2021-08-10,2021-08-10 18:15:00,77.4906666666667
"9651","CARI",2021-08-10 18:30:00,374.241333333333,28,81.0453333333333,77.464,1.765,2021-08-10,2021-08-10 18:30:00,77.464
"9652","CARI",2021-08-10 18:45:00,373.480666666667,28.1,81.006,77.4536666666667,1.89666666666667,2021-08-10,2021-08-10 18:45:00,77.4536666666667
"9653","CARI",2021-08-10 19:00:00,373.875333333333,28.1,80.7873333333333,77.3866666666667,2.08733333333333,2021-08-10,2021-08-10 19:00:00,77.3866666666667
"9654","CARI",2021-08-10 19:15:00,373.604666666667,28,80.878,77.2313333333333,2.06233333333333,2021-08-10,2021-08-10 19:15:00,77.2313333333333
"9655","CARI",2021-08-10 19:30:00,370.474666666667,28.1,80.9526666666667,77.2006666666667,1.86533333333333,2021-08-10,2021-08-10 19:30:00,77.2006666666667
"9656","CARI",2021-08-10 19:45:00,370.808666666667,28,80.8726666666667,77.23,1.87666666666667,2021-08-10,2021-08-10 19:45:00,77.23
"9657","CARI",2021-08-10 20:00:00,371.502,28.2,80.8233333333333,77.286,1.82333333333333,2021-08-10,2021-08-10 20:00:00,77.286
"9658","CARI",2021-08-10 20:15:00,369.341333333333,28.1,80.836,77.1926666666667,1.776,2021-08-10,2021-08-10 20:15:00,77.1926666666667
"9659","CARI",2021-08-10 20:30:00,368.452,28.2,80.8033333333333,77.08,1.809,2021-08-10,2021-08-10 20:30:00,77.08
"9660","CARI",2021-08-10 20:45:00,368.742666666667,28.2,80.7653333333333,77.2006666666667,1.81133333333333,2021-08-10,2021-08-10 20:45:00,77.2006666666667
"9661","CARI",2021-08-10 21:00:00,370.782666666667,28.2,80.818,77.326,1.82633333333333,2021-08-10,2021-08-10 21:00:00,77.326
"9662","CARI",2021-08-10 21:15:00,370.838,28.1,81.0253333333333,77.4123333333333,1.86333333333333,2021-08-10,2021-08-10 21:15:00,77.4123333333333
"9663","CARI",2021-08-10 21:30:00,370.628666666667,28.3,80.8886666666667,77.497,1.93433333333333,2021-08-10,2021-08-10 21:30:00,77.497
"9664","CARI",2021-08-10 21:45:00,370.084666666667,28.3,80.4746666666667,77.574,1.95333333333333,2021-08-10,2021-08-10 21:45:00,77.574
"9665","CARI",2021-08-10 22:00:00,368.832,28.3,80.3786666666667,77.634,1.91833333333333,2021-08-10,2021-08-10 22:00:00,77.634
"9666","CARI",2021-08-10 22:15:00,368.959333333333,28.4,80.5346666666667,77.648,1.89966666666667,2021-08-10,2021-08-10 22:15:00,77.648
"9667","CARI",2021-08-10 22:30:00,368.075333333333,28.4,80.1846666666667,77.8146666666667,1.88,2021-08-10,2021-08-10 22:30:00,77.8146666666667
"9668","CARI",2021-08-10 22:45:00,368.066666666667,28.4,80.174,77.927,1.851,2021-08-10,2021-08-10 22:45:00,77.927
"9669","CARI",2021-08-10 23:00:00,365.850666666667,28.4,80.0446666666667,78.05,1.91533333333333,2021-08-10,2021-08-10 23:00:00,78.05
"9670","CARI",2021-08-10 23:15:00,367.475333333333,28.4,79.5073333333333,78.055,2.01833333333333,2021-08-10,2021-08-10 23:15:00,78.055
"9671","CARI",2021-08-10 23:30:00,365.458666666667,28.5,79.3906666666667,78.0306666666667,2.01433333333333,2021-08-10,2021-08-10 23:30:00,78.0306666666667
"9672","CARI",2021-08-10 23:45:00,368.159333333333,28.5,79.6826666666667,77.9943333333333,1.936,2021-08-10,2021-08-10 23:45:00,77.9943333333333
"9673","CARI",2021-08-11 00:00:00,363.618,28.6,79.6566666666667,77.942,1.85466666666667,2021-08-11,2021-08-11 00:00:00,77.942
"9674","CARI",2021-08-11 00:15:00,365.523333333333,28.6,79.5633333333333,77.899,1.84366666666667,2021-08-11,2021-08-11 00:15:00,77.899
"9675","CARI",2021-08-11 00:30:00,365.858666666667,28.7,79.432,77.8696666666667,1.904,2021-08-11,2021-08-11 00:30:00,77.8696666666667
"9676","CARI",2021-08-11 00:45:00,367.712,28.7,79.1713333333333,77.876,1.908,2021-08-11,2021-08-11 00:45:00,77.876
"9677","CARI",2021-08-11 01:00:00,365.811333333333,28.7,78.9973333333333,78.117,1.88933333333333,2021-08-11,2021-08-11 01:00:00,78.117
"9678","CARI",2021-08-11 01:15:00,366.101333333333,28.8,78.9993333333333,78.0816666666667,1.89333333333333,2021-08-11,2021-08-11 01:15:00,78.0816666666667
"9679","CARI",2021-08-11 01:30:00,364.863333333333,28.7,78.6733333333333,78.0223333333333,1.93066666666667,2021-08-11,2021-08-11 01:30:00,78.0223333333333
"9680","CARI",2021-08-11 01:45:00,364.82,28.8,78.4386666666667,78.176,1.96166666666667,2021-08-11,2021-08-11 01:45:00,78.176
"9681","CARI",2021-08-11 02:00:00,365.629333333333,28.9,78.2726666666667,78.123,1.89533333333333,2021-08-11,2021-08-11 02:00:00,78.123
"9682","CARI",2021-08-11 02:15:00,365.208,28.8,78.382,78.137,1.829,2021-08-11,2021-08-11 02:15:00,78.137
"9683","CARI",2021-08-11 02:30:00,364.884,28.9,78.318,78.192,1.79966666666667,2021-08-11,2021-08-11 02:30:00,78.192
"9684","CARI",2021-08-11 02:45:00,363.883333333333,28.9,78.2146666666667,78.2373333333333,1.81633333333333,2021-08-11,2021-08-11 02:45:00,78.2373333333333
"9685","CARI",2021-08-11 03:00:00,363.928666666667,29,77.9826666666667,78.3316666666667,1.89333333333333,2021-08-11,2021-08-11 03:00:00,78.3316666666667
"9686","CARI",2021-08-11 03:15:00,362.490666666667,29,77.778,78.3606666666667,1.9,2021-08-11,2021-08-11 03:15:00,78.3606666666667
"9687","CARI",2021-08-11 03:30:00,360.278666666667,29,77.6786666666667,78.4513333333333,1.90633333333333,2021-08-11,2021-08-11 03:30:00,78.4513333333333
"9688","CARI",2021-08-11 03:45:00,359.924666666667,29.1,77.64,78.416,1.80566666666667,2021-08-11,2021-08-11 03:45:00,78.416
"9689","CARI",2021-08-11 04:00:00,360.278666666667,29.1,78.3446666666667,78.4265517241379,1.77866666666667,2021-08-11,2021-08-11 04:00:00,78.4265517241379
"9690","CARI",2021-08-11 04:15:00,362.318,29.2,77.386,78.5803333333333,1.81433333333333,2021-08-11,2021-08-11 04:15:00,78.5803333333333
"9691","CARI",2021-08-11 04:30:00,358.209333333333,29.1,77.296,78.6063333333333,1.86166666666667,2021-08-11,2021-08-11 04:30:00,78.6063333333333
"9692","CARI",2021-08-11 04:45:00,358.606666666667,29.2,77.1186666666667,78.5056666666667,1.87766666666667,2021-08-11,2021-08-11 04:45:00,78.5056666666667
"9693","CARI",2021-08-11 05:00:00,359.077333333333,29.1,77.018,78.6073333333333,1.883,2021-08-11,2021-08-11 05:00:00,78.6073333333333
"9694","CARI",2021-08-11 05:15:00,356.606,29.2,77.0613333333333,78.618,1.83233333333333,2021-08-11,2021-08-11 05:15:00,78.618
"9695","CARI",2021-08-11 05:30:00,356.38,29.2,76.9066666666667,78.646,1.837,2021-08-11,2021-08-11 05:30:00,78.646
"9696","CARI",2021-08-11 05:45:00,355.478666666667,29.2,76.7673333333333,78.6613333333333,1.983,2021-08-11,2021-08-11 05:45:00,78.6613333333333
"9697","CARI",2021-08-11 06:00:00,354.173333333333,29.3,76.538,78.6763333333333,1.99466666666667,2021-08-11,2021-08-11 06:00:00,78.6763333333333
"9698","CARI",2021-08-11 06:15:00,355.914,29.3,76.6726666666667,78.76,1.81633333333333,2021-08-11,2021-08-11 06:15:00,78.76
"9699","CARI",2021-08-11 06:30:00,355.88,29.3,76.5353333333333,78.8093333333333,1.86233333333333,2021-08-11,2021-08-11 06:30:00,78.8093333333333
"9700","CARI",2021-08-11 06:45:00,355.253333333333,29.2,76.4386666666667,78.8233333333333,1.99333333333333,2021-08-11,2021-08-11 06:45:00,78.8233333333333
"9701","CARI",2021-08-11 07:00:00,353.110666666667,29.4,76.5593333333333,78.763,2.02833333333333,2021-08-11,2021-08-11 07:00:00,78.763
"9702","CARI",2021-08-11 07:15:00,350.836666666667,29.4,76.9486666666667,78.6786666666667,1.92033333333333,2021-08-11,2021-08-11 07:15:00,78.6786666666667
"9703","CARI",2021-08-11 07:30:00,351.113333333333,29.3,77.028,78.6496666666667,1.88666666666667,2021-08-11,2021-08-11 07:30:00,78.6496666666667
"9704","CARI",2021-08-11 07:45:00,350.182666666667,29.4,77.0666666666667,78.6506666666667,2.59033333333333,2021-08-11,2021-08-11 07:45:00,78.6506666666667
"9705","CARI",2021-08-11 08:00:00,352.218,29.4,76.4253333333333,78.6283333333333,2.585,2021-08-11,2021-08-11 08:00:00,78.6283333333333
"9706","CARI",2021-08-11 08:15:00,353.572666666667,29.4,76.7733333333333,78.6473333333333,1.93133333333333,2021-08-11,2021-08-11 08:15:00,78.6473333333333
"9707","CARI",2021-08-11 08:30:00,352.363333333333,29.5,76.8086666666667,78.637,1.73466666666667,2021-08-11,2021-08-11 08:30:00,78.637
"9708","CARI",2021-08-11 08:45:00,351.848,29.5,76.8793333333333,78.5346666666667,1.67733333333333,2021-08-11,2021-08-11 08:45:00,78.5346666666667
"9709","CARI",2021-08-11 09:00:00,349.956,29.5,77.1826666666667,78.4503333333333,1.638,2021-08-11,2021-08-11 09:00:00,78.4503333333333
"9710","CARI",2021-08-11 09:15:00,350.37,29.5,77.3733333333333,78.3966666666667,1.61966666666667,2021-08-11,2021-08-11 09:15:00,78.3966666666667
"9711","CARI",2021-08-11 09:30:00,349.552,29.5,77.272,78.3543333333333,1.58666666666667,2021-08-11,2021-08-11 09:30:00,78.3543333333333
"9712","CARI",2021-08-11 09:45:00,349.152,29.4,77.166,78.3066666666667,1.55333333333333,2021-08-11,2021-08-11 09:45:00,78.3066666666667
"9713","CARI",2021-08-11 10:00:00,348.546,29.5,77.1786666666667,78.273,1.56166666666667,2021-08-11,2021-08-11 10:00:00,78.273
"9714","CARI",2021-08-11 10:15:00,349.764666666667,29.5,77.1253333333333,78.243,1.52733333333333,2021-08-11,2021-08-11 10:15:00,78.243
"9715","CARI",2021-08-11 10:30:00,347.798666666667,29.5,77.0013333333333,78.2233333333333,1.50933333333333,2021-08-11,2021-08-11 10:30:00,78.2233333333333
"9716","CARI",2021-08-11 10:45:00,346.536,29.5,76.9953333333333,78.182,1.51566666666667,2021-08-11,2021-08-11 10:45:00,78.182
"9717","CARI",2021-08-11 11:00:00,343.894,29.5,76.768,78.2163333333333,1.50733333333333,2021-08-11,2021-08-11 11:00:00,78.2163333333333
"9718","CARI",2021-08-11 11:15:00,345.579333333333,29.5,76.6066666666667,78.1636666666667,1.60766666666667,2021-08-11,2021-08-11 11:15:00,78.1636666666667
"9719","CARI",2021-08-11 11:30:00,348.447333333333,29.5,76.4213333333333,78.1413333333333,1.57033333333333,2021-08-11,2021-08-11 11:30:00,78.1413333333333
"9720","CARI",2021-08-11 11:45:00,348.296,29.5,76.2366666666667,78.1306666666667,1.60533333333333,2021-08-11,2021-08-11 11:45:00,78.1306666666667
"9721","CARI",2021-08-11 12:00:00,347.876,29.4,75.9033333333333,78.1566666666667,1.713,2021-08-11,2021-08-11 12:00:00,78.1566666666667
"9722","CARI",2021-08-11 12:15:00,349.009333333333,29.4,75.654,78.1853333333333,1.63066666666667,2021-08-11,2021-08-11 12:15:00,78.1853333333333
"9723","CARI",2021-08-11 12:30:00,352.214666666667,29.4,75.7753333333333,78.158,1.49766666666667,2021-08-11,2021-08-11 12:30:00,78.158
"9724","CARI",2021-08-11 12:45:00,352.675333333333,29.4,75.648,79.6103333333333,1.45833333333333,2021-08-11,2021-08-11 12:45:00,79.6103333333333
"9725","CARI",2021-08-11 13:00:00,351.706,29.4,75.3493333333333,79.4753333333333,1.45233333333333,2021-08-11,2021-08-11 13:00:00,79.4753333333333
"9726","CARI",2021-08-11 13:15:00,351.080666666667,29.4,74.872,78.127,1.781,2021-08-11,2021-08-11 13:15:00,78.127
"9727","CARI",2021-08-11 13:30:00,349.946666666667,29.4,74.8966666666667,78.0233333333333,1.45533333333333,2021-08-11,2021-08-11 13:30:00,78.0233333333333
"9728","CARI",2021-08-11 13:45:00,349.926,29.3,73.5826666666667,77.9716666666667,2.81533333333333,2021-08-11,2021-08-11 13:45:00,77.9716666666667
"9729","CARI",2021-08-11 14:00:00,349.105333333333,29.2,74.276,77.9313333333333,1.91266666666667,2021-08-11,2021-08-11 14:00:00,77.9313333333333
"9730","CARI",2021-08-11 14:15:00,348.761333333333,29.2,74.5093333333333,77.9206666666667,1.64633333333333,2021-08-11,2021-08-11 14:15:00,77.9206666666667
"9731","CARI",2021-08-11 14:30:00,348.578,29.2,74.5013333333333,77.9616666666667,1.56533333333333,2021-08-11,2021-08-11 14:30:00,77.9616666666667
"9732","CARI",2021-08-11 14:45:00,350.364,29.2,74.51,77.9813333333333,1.53533333333333,2021-08-11,2021-08-11 14:45:00,77.9813333333333
"9733","CARI",2021-08-11 15:00:00,349.128,29.1,74.334,77.807,1.583,2021-08-11,2021-08-11 15:00:00,77.807
"9734","CARI",2021-08-11 15:15:00,349.898,29.1,74.034,77.7066666666667,1.54033333333333,2021-08-11,2021-08-11 15:15:00,77.7066666666667
"9735","CARI",2021-08-11 15:30:00,350.391333333333,29.1,74.6953333333333,77.5013793103448,1.57966666666667,2021-08-11,2021-08-11 15:30:00,77.5013793103448
"9736","CARI",2021-08-11 15:45:00,349.639333333333,29,74.086,77.5956666666667,1.59966666666667,2021-08-11,2021-08-11 15:45:00,77.5956666666667
"9737","CARI",2021-08-11 16:00:00,347.152666666667,29,73.6053333333333,77.6516666666667,1.58766666666667,2021-08-11,2021-08-11 16:00:00,77.6516666666667
"9738","CARI",2021-08-11 16:15:00,347.967333333333,28.9,73.6166666666667,77.5903333333333,1.54833333333333,2021-08-11,2021-08-11 16:15:00,77.5903333333333
"9739","CARI",2021-08-11 16:30:00,348.495333333333,29,73.782,77.4736666666667,1.58466666666667,2021-08-11,2021-08-11 16:30:00,77.4736666666667
"9740","CARI",2021-08-11 16:45:00,349.035333333333,28.9,73.8066666666667,77.4556666666667,1.56733333333333,2021-08-11,2021-08-11 16:45:00,77.4556666666667
"9741","CARI",2021-08-11 17:00:00,349.777333333333,29,73.6346666666667,77.5466666666667,1.52433333333333,2021-08-11,2021-08-11 17:00:00,77.5466666666667
"9742","CARI",2021-08-11 17:15:00,348.708666666667,28.9,73.6113333333333,77.5546666666667,1.488,2021-08-11,2021-08-11 17:15:00,77.5546666666667
"9743","CARI",2021-08-11 17:30:00,347.817333333333,28.9,73.566,77.6143333333333,1.47733333333333,2021-08-11,2021-08-11 17:30:00,77.6143333333333
"9744","CARI",2021-08-11 17:45:00,348.749333333333,28.9,73.602,77.6903333333333,1.47733333333333,2021-08-11,2021-08-11 17:45:00,77.6903333333333
"9745","CARI",2021-08-11 18:00:00,349.692666666667,28.9,73.5766666666667,77.6906666666667,1.47,2021-08-11,2021-08-11 18:00:00,77.6906666666667
"9746","CARI",2021-08-11 18:15:00,350.484,29,73.746,77.6193333333333,1.48666666666667,2021-08-11,2021-08-11 18:15:00,77.6193333333333
"9747","CARI",2021-08-11 18:30:00,347.948666666667,28.9,73.8273333333333,77.6446666666667,1.49533333333333,2021-08-11,2021-08-11 18:30:00,77.6446666666667
"9748","CARI",2021-08-11 18:45:00,348.754,28.9,73.8246666666667,77.7603333333333,1.537,2021-08-11,2021-08-11 18:45:00,77.7603333333333
"9749","CARI",2021-08-11 19:00:00,351.46,28.8,73.9006666666667,77.7093333333333,1.61766666666667,2021-08-11,2021-08-11 19:00:00,77.7093333333333
"9750","CARI",2021-08-11 19:15:00,348.338666666667,28.9,73.984,77.7743333333333,1.936,2021-08-11,2021-08-11 19:15:00,77.7743333333333
"9751","CARI",2021-08-11 19:30:00,347.544666666667,28.8,73.6866666666667,77.8403333333333,1.82633333333333,2021-08-11,2021-08-11 19:30:00,77.8403333333333
"9752","CARI",2021-08-11 19:45:00,347.589333333333,28.9,73.9953333333333,77.8413333333333,1.705,2021-08-11,2021-08-11 19:45:00,77.8413333333333
"9753","CARI",2021-08-11 20:00:00,344.612666666667,28.9,73.9633333333333,77.832,1.66566666666667,2021-08-11,2021-08-11 20:00:00,77.832
"9754","CARI",2021-08-11 20:15:00,347.136666666667,28.8,74.0733333333333,77.8143333333333,1.57733333333333,2021-08-11,2021-08-11 20:15:00,77.8143333333333
"9755","CARI",2021-08-11 20:30:00,348.744666666667,29,73.996,77.829,1.59933333333333,2021-08-11,2021-08-11 20:30:00,77.829
"9756","CARI",2021-08-11 20:45:00,345.205333333333,29,73.9766666666667,77.8716666666667,1.56466666666667,2021-08-11,2021-08-11 20:45:00,77.8716666666667
"9757","CARI",2021-08-11 21:00:00,346.354666666667,29,73.9626666666667,78.0333333333333,1.54233333333333,2021-08-11,2021-08-11 21:00:00,78.0333333333333
"9758","CARI",2021-08-11 21:15:00,345.896666666667,28.9,74.006,78.184,1.567,2021-08-11,2021-08-11 21:15:00,78.184
"9759","CARI",2021-08-11 21:30:00,346.952666666667,29,74.0113333333333,78.2253333333333,1.64966666666667,2021-08-11,2021-08-11 21:30:00,78.2253333333333
"9760","CARI",2021-08-11 21:45:00,347.696,29.1,74.0133333333333,78.314,1.73466666666667,2021-08-11,2021-08-11 21:45:00,78.314
"9761","CARI",2021-08-11 22:00:00,343.747333333333,29,73.748,78.3636666666667,1.849,2021-08-11,2021-08-11 22:00:00,78.3636666666667
"9762","CARI",2021-08-11 22:15:00,345.561333333333,29,73.856,78.3876666666667,1.70633333333333,2021-08-11,2021-08-11 22:15:00,78.3876666666667
"9763","CARI",2021-08-11 22:30:00,344.152666666667,29,74.0613333333333,78.4183333333333,1.799,2021-08-11,2021-08-11 22:30:00,78.4183333333333
"9764","CARI",2021-08-11 22:45:00,343.802,29.1,74.1153333333333,78.451,1.72066666666667,2021-08-11,2021-08-11 22:45:00,78.451
"9765","CARI",2021-08-11 23:00:00,344.204666666667,29.1,74.0126666666667,78.6193333333333,1.678,2021-08-11,2021-08-11 23:00:00,78.6193333333333
"9766","CARI",2021-08-11 23:15:00,347.000666666667,29.2,73.668,78.628,1.716,2021-08-11,2021-08-11 23:15:00,78.628
"9767","CARI",2021-08-11 23:30:00,348.505333333333,29.2,73.3106666666667,78.672,1.723,2021-08-11,2021-08-11 23:30:00,78.672
"9768","CARI",2021-08-11 23:45:00,350.923333333333,29.2,73.31,78.706,1.708,2021-08-11,2021-08-11 23:45:00,78.706
"9769","CARI",2021-08-12 00:00:00,352.742,29.3,73.2526666666667,78.851724137931,1.72033333333333,2021-08-12,2021-08-12 00:00:00,78.851724137931
"9770","CARI",2021-08-12 00:15:00,350.355333333333,29.2,73.0666666666667,78.8713333333333,1.76966666666667,2021-08-12,2021-08-12 00:15:00,78.8713333333333
"9771","CARI",2021-08-12 00:30:00,349.674,29.3,73.048,78.9676666666667,1.763,2021-08-12,2021-08-12 00:30:00,78.9676666666667
"9772","CARI",2021-08-12 00:45:00,345.901333333333,29.4,73.0353333333333,79.009,1.69266666666667,2021-08-12,2021-08-12 00:45:00,79.009
"9773","CARI",2021-08-12 01:00:00,346.487333333333,29.5,72.968,79.0626666666667,1.62766666666667,2021-08-12,2021-08-12 01:00:00,79.0626666666667
"9774","CARI",2021-08-12 01:15:00,345.980666666667,29.3,72.7993333333333,79.1513333333333,1.604,2021-08-12,2021-08-12 01:15:00,79.1513333333333
"9775","CARI",2021-08-12 01:30:00,344.606666666667,29.4,72.676,79.2403333333333,1.607,2021-08-12,2021-08-12 01:30:00,79.2403333333333
"9776","CARI",2021-08-12 01:45:00,342.557333333333,29.4,72.6586666666667,79.3036666666667,1.67666666666667,2021-08-12,2021-08-12 01:45:00,79.3036666666667
"9777","CARI",2021-08-12 02:00:00,342.891333333333,29.5,72.382,79.3323333333333,1.82833333333333,2021-08-12,2021-08-12 02:00:00,79.3323333333333
"9778","CARI",2021-08-12 02:15:00,342.692666666667,29.5,72.4706666666667,79.3946666666667,1.93233333333333,2021-08-12,2021-08-12 02:15:00,79.3946666666667
"9779","CARI",2021-08-12 02:30:00,342.368666666667,29.6,72.392,79.4493333333333,2.05133333333333,2021-08-12,2021-08-12 02:30:00,79.4493333333333
"9780","CARI",2021-08-12 02:45:00,341.764,29.7,72.1546666666667,79.561,2.15433333333333,2021-08-12,2021-08-12 02:45:00,79.561
"9781","CARI",2021-08-12 03:00:00,343.029333333333,29.7,72.044,79.642,2.20566666666667,2021-08-12,2021-08-12 03:00:00,79.642
"9782","CARI",2021-08-12 03:15:00,342.038666666667,29.8,72.25,79.6033333333333,2.11933333333333,2021-08-12,2021-08-12 03:15:00,79.6033333333333
"9783","CARI",2021-08-12 03:30:00,340.386666666667,29.6,72.17,79.6606666666667,2.03733333333333,2021-08-12,2021-08-12 03:30:00,79.6606666666667
"9784","CARI",2021-08-12 03:45:00,340.089333333333,29.8,72.0593333333333,79.6693333333333,1.96,2021-08-12,2021-08-12 03:45:00,79.6693333333333
"9785","CARI",2021-08-12 04:00:00,338.853333333333,29.9,71.9046666666667,79.6843333333333,1.90833333333333,2021-08-12,2021-08-12 04:00:00,79.6843333333333
"9786","CARI",2021-08-12 04:15:00,339.979333333333,29.8,71.9046666666667,79.696,1.882,2021-08-12,2021-08-12 04:15:00,79.696
"9787","CARI",2021-08-12 04:30:00,339.243333333333,30,71.794,79.7343333333333,1.825,2021-08-12,2021-08-12 04:30:00,79.7343333333333
"9788","CARI",2021-08-12 04:45:00,337.858,29.9,71.614,79.7586666666667,1.796,2021-08-12,2021-08-12 04:45:00,79.7586666666667
"9789","CARI",2021-08-12 05:00:00,336.229333333333,29.9,71.3453333333333,79.805,1.86333333333333,2021-08-12,2021-08-12 05:00:00,79.805
"9790","CARI",2021-08-12 05:15:00,335.504,30,71.3133333333333,80.0956666666667,1.83366666666667,2021-08-12,2021-08-12 05:15:00,80.0956666666667
"9791","CARI",2021-08-12 05:30:00,335.010666666667,29.9,71.448,80.4223333333333,1.78733333333333,2021-08-12,2021-08-12 05:30:00,80.4223333333333
"9792","CARI",2021-08-12 05:45:00,337.009333333333,30,71.36,80.5403333333333,1.75233333333333,2021-08-12,2021-08-12 05:45:00,80.5403333333333
"9793","CARI",2021-08-12 06:00:00,336.664666666667,30,71.3406666666667,80.559,1.74833333333333,2021-08-12,2021-08-12 06:00:00,80.559
"9794","CARI",2021-08-12 06:15:00,334.734,30,71.306,80.5553333333333,1.70233333333333,2021-08-12,2021-08-12 06:15:00,80.5553333333333
"9795","CARI",2021-08-12 06:30:00,335.419333333333,30,71.256,80.6043333333333,1.644,2021-08-12,2021-08-12 06:30:00,80.6043333333333
"9796","CARI",2021-08-12 06:45:00,333.909333333333,30,71.21,80.5763333333333,1.60733333333333,2021-08-12,2021-08-12 06:45:00,80.5763333333333
"9797","CARI",2021-08-12 07:00:00,336.802666666667,30,71.2113333333333,80.5896666666667,1.618,2021-08-12,2021-08-12 07:00:00,80.5896666666667
"9798","CARI",2021-08-12 07:15:00,335.637333333333,29.9,71.2393333333333,80.594,1.68766666666667,2021-08-12,2021-08-12 07:15:00,80.594
"9799","CARI",2021-08-12 07:30:00,337.289333333333,30.1,71.1353333333333,80.6343333333333,1.98,2021-08-12,2021-08-12 07:30:00,80.6343333333333
"9800","CARI",2021-08-12 07:45:00,336.312,30,70.7473333333333,81.4966666666667,2.62133333333333,2021-08-12,2021-08-12 07:45:00,81.4966666666667
"9801","CARI",2021-08-12 08:00:00,334.605333333333,30.1,70.5093333333333,82.1556666666667,2.47066666666667,2021-08-12,2021-08-12 08:00:00,82.1556666666667
"9802","CARI",2021-08-12 08:15:00,332.834,30,70.4506666666667,82.2756666666667,1.907,2021-08-12,2021-08-12 08:15:00,82.2756666666667
"9803","CARI",2021-08-12 08:30:00,334.574,30,70.9786666666667,82.169,1.62833333333333,2021-08-12,2021-08-12 08:30:00,82.169
"9804","CARI",2021-08-12 08:45:00,334.196666666667,30,71.2393333333333,82.072,1.54133333333333,2021-08-12,2021-08-12 08:45:00,82.072
"9805","CARI",2021-08-12 09:00:00,333.508,30,71.2293333333333,82.041,1.494,2021-08-12,2021-08-12 09:00:00,82.041
"9806","CARI",2021-08-12 09:15:00,336.066666666667,30,71.3526666666667,81.9993333333333,1.48366666666667,2021-08-12,2021-08-12 09:15:00,81.9993333333333
"9807","CARI",2021-08-12 09:30:00,332.927333333333,30.1,71.376,82.0226666666667,1.46166666666667,2021-08-12,2021-08-12 09:30:00,82.0226666666667
"9808","CARI",2021-08-12 09:45:00,330.149333333333,30,71.3153333333333,81.9876666666667,1.457,2021-08-12,2021-08-12 09:45:00,81.9876666666667
"9809","CARI",2021-08-12 10:00:00,333.797333333333,30,71.3146666666667,81.996,1.42633333333333,2021-08-12,2021-08-12 10:00:00,81.996
"9810","CARI",2021-08-12 10:15:00,332.031333333333,30,71.224,81.9996666666667,1.41566666666667,2021-08-12,2021-08-12 10:15:00,81.9996666666667
"9811","CARI",2021-08-12 10:30:00,334.466666666667,29.9,71.1506666666667,81.9563333333333,1.42766666666667,2021-08-12,2021-08-12 10:30:00,81.9563333333333
"9812","CARI",2021-08-12 10:45:00,333.615333333333,30,70.8613333333333,81.9136666666667,1.41433333333333,2021-08-12,2021-08-12 10:45:00,81.9136666666667
"9813","CARI",2021-08-12 11:00:00,332.890666666667,29.9,70.718,81.82,1.40766666666667,2021-08-12,2021-08-12 11:00:00,81.82
"9814","CARI",2021-08-12 11:15:00,332.72,30,70.4913333333333,81.786,1.403,2021-08-12,2021-08-12 11:15:00,81.786
"9815","CARI",2021-08-12 11:30:00,331.194,29.9,70.5486666666667,81.8456666666667,1.39533333333333,2021-08-12,2021-08-12 11:30:00,81.8456666666667
"9816","CARI",2021-08-12 11:45:00,331.09,29.9,70.4653333333333,81.7836666666667,1.37033333333333,2021-08-12,2021-08-12 11:45:00,81.7836666666667
"9817","CARI",2021-08-12 12:00:00,333.279333333333,29.9,70.2666666666667,81.7223333333333,1.39266666666667,2021-08-12,2021-08-12 12:00:00,81.7223333333333
"9818","CARI",2021-08-12 12:15:00,331.208666666667,29.9,70.32,81.882,1.38866666666667,2021-08-12,2021-08-12 12:15:00,81.882
"9819","CARI",2021-08-12 12:30:00,329.697333333333,29.8,70.1886666666667,81.87,1.37066666666667,2021-08-12,2021-08-12 12:30:00,81.87
"9820","CARI",2021-08-12 12:45:00,329.529333333333,29.8,70.1373333333333,81.7813333333333,1.38033333333333,2021-08-12,2021-08-12 12:45:00,81.7813333333333
"9821","CARI",2021-08-12 13:00:00,328.859333333333,29.8,69.952,81.695,1.37066666666667,2021-08-12,2021-08-12 13:00:00,81.695
"9822","CARI",2021-08-12 13:15:00,330.377333333333,29.7,69.8353333333333,81.624,1.36033333333333,2021-08-12,2021-08-12 13:15:00,81.624
"9823","CARI",2021-08-12 13:30:00,329.166666666667,29.8,69.752,81.6483333333333,1.362,2021-08-12,2021-08-12 13:30:00,81.6483333333333
"9824","CARI",2021-08-12 13:45:00,328.981333333333,29.7,69.6626666666667,81.5713333333333,1.36966666666667,2021-08-12,2021-08-12 13:45:00,81.5713333333333
"9825","CARI",2021-08-12 14:00:00,328.209333333333,29.7,69.5313333333333,81.5433333333333,1.36233333333333,2021-08-12,2021-08-12 14:00:00,81.5433333333333
"9826","CARI",2021-08-12 14:15:00,327.847333333333,29.6,69.3253333333333,81.4563333333333,1.358,2021-08-12,2021-08-12 14:15:00,81.4563333333333
"9827","CARI",2021-08-12 14:30:00,326.390666666667,29.7,69.2766666666667,81.3663333333333,1.35033333333333,2021-08-12,2021-08-12 14:30:00,81.3663333333333
"9828","CARI",2021-08-12 14:45:00,326.444,29.6,69.206,81.2096666666667,1.36866666666667,2021-08-12,2021-08-12 14:45:00,81.2096666666667
"9829","CARI",2021-08-12 15:00:00,326.044666666667,29.6,69.1146666666667,81.3603333333333,1.67266666666667,2021-08-12,2021-08-12 15:00:00,81.3603333333333
"9830","CARI",2021-08-12 15:15:00,327.283333333333,29.5,69.1786666666667,81.535,1.36866666666667,2021-08-12,2021-08-12 15:15:00,81.535
"9831","CARI",2021-08-12 15:30:00,326.268,29.5,69.0613333333333,81.438,1.39066666666667,2021-08-12,2021-08-12 15:30:00,81.438
"9832","CARI",2021-08-12 15:45:00,328.427333333333,29.5,69.07,81.4776666666667,1.407,2021-08-12,2021-08-12 15:45:00,81.4776666666667
"9833","CARI",2021-08-12 16:00:00,324.721333333333,29.5,68.9713333333333,81.491,1.432,2021-08-12,2021-08-12 16:00:00,81.491
"9834","CARI",2021-08-12 16:15:00,325.958,29.4,68.9306666666667,81.534,1.42566666666667,2021-08-12,2021-08-12 16:15:00,81.534
"9835","CARI",2021-08-12 16:30:00,326.609333333333,29.4,68.8953333333333,81.613,1.401,2021-08-12,2021-08-12 16:30:00,81.613
"9836","CARI",2021-08-12 16:45:00,325.652,29.4,68.822,81.5826666666667,1.38866666666667,2021-08-12,2021-08-12 16:45:00,81.5826666666667
"9837","CARI",2021-08-12 17:00:00,326.418666666667,29.4,68.826,81.5166666666667,1.37366666666667,2021-08-12,2021-08-12 17:00:00,81.5166666666667
"9838","CARI",2021-08-12 17:15:00,326.787333333333,29.4,68.794,81.5103333333333,1.36666666666667,2021-08-12,2021-08-12 17:15:00,81.5103333333333
"9839","CARI",2021-08-12 17:30:00,327.625333333333,29.4,68.75,81.6513333333333,1.355,2021-08-12,2021-08-12 17:30:00,81.6513333333333
"9840","CARI",2021-08-12 17:45:00,327.078666666667,29.3,68.756,81.7406666666667,1.35266666666667,2021-08-12,2021-08-12 17:45:00,81.7406666666667
"9841","CARI",2021-08-12 18:00:00,325.660666666667,29.3,68.66,81.701,1.33533333333333,2021-08-12,2021-08-12 18:00:00,81.701
"9842","CARI",2021-08-12 18:15:00,324.488666666667,29.4,68.5913333333333,81.6666666666667,1.343,2021-08-12,2021-08-12 18:15:00,81.6666666666667
"9843","CARI",2021-08-12 18:30:00,325.977333333333,29.3,68.6826666666667,81.6036666666667,1.353,2021-08-12,2021-08-12 18:30:00,81.6036666666667
"9844","CARI",2021-08-12 18:45:00,324.106,29.3,68.65,81.495,1.55733333333333,2021-08-12,2021-08-12 18:45:00,81.495
"9845","CARI",2021-08-12 19:00:00,325.252,29.3,68.3446666666667,81.4723333333333,1.55733333333333,2021-08-12,2021-08-12 19:00:00,81.4723333333333
"9846","CARI",2021-08-12 19:15:00,324.990666666667,29.3,68.4646666666667,81.5446666666667,1.604,2021-08-12,2021-08-12 19:15:00,81.5446666666667
"9847","CARI",2021-08-12 19:30:00,324.078666666667,29.3,68.3766666666667,81.7116666666667,2.11,2021-08-12,2021-08-12 19:30:00,81.7116666666667
"9848","CARI",2021-08-12 19:45:00,325.074666666667,29.2,68.022,81.722,2.593,2021-08-12,2021-08-12 19:45:00,81.722
"9849","CARI",2021-08-12 20:00:00,322.733333333333,29.2,68.11,81.7236666666667,3.176,2021-08-12,2021-08-12 20:00:00,81.7236666666667
"9850","CARI",2021-08-12 20:15:00,324.04,29.2,66.888,81.7576666666667,3.266,2021-08-12,2021-08-12 20:15:00,81.7576666666667
"9851","CARI",2021-08-12 20:30:00,322.215333333333,29.2,67.8066666666667,81.7746666666667,2.30966666666667,2021-08-12,2021-08-12 20:30:00,81.7746666666667
"9852","CARI",2021-08-12 20:45:00,324.648666666667,29.2,67.6773333333333,81.7763333333333,1.80466666666667,2021-08-12,2021-08-12 20:45:00,81.7763333333333
"9853","CARI",2021-08-12 21:00:00,323.077333333333,29.3,68.108,81.769,1.57333333333333,2021-08-12,2021-08-12 21:00:00,81.769
"9854","CARI",2021-08-12 21:15:00,322.575333333333,29.2,47.45,81.7993333333333,1.53433333333333,2021-08-12,2021-08-12 21:15:00,81.7993333333333
"9855","CARI",2021-08-12 21:30:00,321.498,29.1,67.908,81.7296666666667,1.54366666666667,2021-08-12,2021-08-12 21:30:00,81.7296666666667
"9856","CARI",2021-08-12 21:45:00,323.054666666667,29.2,67.8913333333333,81.7556666666667,1.58366666666667,2021-08-12,2021-08-12 21:45:00,81.7556666666667
"9857","CARI",2021-08-12 22:00:00,321.554666666667,29.2,67.792,81.8026666666667,1.67033333333333,2021-08-12,2021-08-12 22:00:00,81.8026666666667
"9858","CARI",2021-08-12 22:15:00,321.173333333333,29.1,67.7086666666667,81.9396666666667,1.69633333333333,2021-08-12,2021-08-12 22:15:00,81.9396666666667
"9859","CARI",2021-08-12 22:30:00,318.999333333333,29.2,67.7113333333333,82.033,1.626,2021-08-12,2021-08-12 22:30:00,82.033
"9860","CARI",2021-08-12 22:45:00,319.788,29.2,67.858,82.089,1.59466666666667,2021-08-12,2021-08-12 22:45:00,82.089
"9861","CARI",2021-08-12 23:00:00,322.48,29.1,67.6006666666667,82.2433333333333,1.59933333333333,2021-08-12,2021-08-12 23:00:00,82.2433333333333
"9862","CARI",2021-08-12 23:15:00,322.639333333333,29.2,67.48,82.2756666666667,1.59566666666667,2021-08-12,2021-08-12 23:15:00,82.2756666666667
"9863","CARI",2021-08-12 23:30:00,320.892,29.2,67.4326666666667,82.3123333333333,1.60633333333333,2021-08-12,2021-08-12 23:30:00,82.3123333333333
"9864","CARI",2021-08-12 23:45:00,318.558,29.2,67.3066666666667,82.316,1.65866666666667,2021-08-12,2021-08-12 23:45:00,82.316
"9865","CARI",2021-08-13 00:00:00,319.680666666667,29.2,67.326,82.3423333333333,1.632,2021-08-13,2021-08-13 00:00:00,82.3423333333333
"9866","CARI",2021-08-13 00:15:00,318.382666666667,29.3,67.3213333333333,82.487,1.58833333333333,2021-08-13,2021-08-13 00:15:00,82.487
"9867","CARI",2021-08-13 00:30:00,317.63,29.3,67.3173333333333,82.5263333333333,1.572,2021-08-13,2021-08-13 00:30:00,82.5263333333333
"9868","CARI",2021-08-13 00:45:00,317.052666666667,29.3,67.2106666666667,82.513,1.57866666666667,2021-08-13,2021-08-13 00:45:00,82.513
"9869","CARI",2021-08-13 01:00:00,317.724,29.3,67.0933333333333,82.4536666666667,1.645,2021-08-13,2021-08-13 01:00:00,82.4536666666667
"9870","CARI",2021-08-13 01:15:00,316.903333333333,29.3,66.976,82.6186666666667,1.65933333333333,2021-08-13,2021-08-13 01:15:00,82.6186666666667
"9871","CARI",2021-08-13 01:30:00,315.369333333333,29.3,67.1066666666667,82.67,1.62466666666667,2021-08-13,2021-08-13 01:30:00,82.67
"9872","CARI",2021-08-13 01:45:00,316.768666666667,29.3,67.2706666666667,82.6756666666667,1.58866666666667,2021-08-13,2021-08-13 01:45:00,82.6756666666667
"9873","CARI",2021-08-13 02:00:00,315.627333333333,29.4,67.2126666666667,82.7853333333333,1.648,2021-08-13,2021-08-13 02:00:00,82.7853333333333
"9874","CARI",2021-08-13 02:15:00,315.674,29.3,67.0186666666667,82.8033333333333,1.73066666666667,2021-08-13,2021-08-13 02:15:00,82.8033333333333
"9875","CARI",2021-08-13 02:30:00,314.531333333333,29.4,66.9666666666667,82.843,1.66,2021-08-13,2021-08-13 02:30:00,82.843
"9876","CARI",2021-08-13 02:45:00,314.59,29.3,67.0866666666667,83.1373333333333,1.599,2021-08-13,2021-08-13 02:45:00,83.1373333333333
"9877","CARI",2021-08-13 03:00:00,313.046,29.3,67.072,83.2506666666667,1.58533333333333,2021-08-13,2021-08-13 03:00:00,83.2506666666667
"9878","CARI",2021-08-13 03:15:00,313.980666666667,29.4,66.8706666666667,83.3916666666667,1.57,2021-08-13,2021-08-13 03:15:00,83.3916666666667
"9879","CARI",2021-08-13 03:30:00,315.859333333333,29.5,66.9533333333333,83.433,1.544,2021-08-13,2021-08-13 03:30:00,83.433
"9880","CARI",2021-08-13 03:45:00,315.864,29.4,66.8766666666667,83.3596666666667,1.53633333333333,2021-08-13,2021-08-13 03:45:00,83.3596666666667
"9881","CARI",2021-08-13 04:00:00,313.993333333333,29.4,66.7226666666667,83.2856666666667,1.57433333333333,2021-08-13,2021-08-13 04:00:00,83.2856666666667
"9882","CARI",2021-08-13 04:15:00,313.448666666667,29.4,66.754,83.2773333333333,1.64466666666667,2021-08-13,2021-08-13 04:15:00,83.2773333333333
"9883","CARI",2021-08-13 04:30:00,312.308,29.4,66.8753333333333,83.2423333333333,1.71933333333333,2021-08-13,2021-08-13 04:30:00,83.2423333333333
"16022","CARI",2021-08-09 14:15:00,NA,24.5,81.1666666666667,79.2373333333333,4.01833333333333,2021-08-09,2021-08-09 14:15:00,79.2373333333333
