"","site.ID","datetimeAK","Q","day","fDOM","SPC","Turb","NO3","ABS_254","DateTime","MeanDischarge","nitrateuM","fDOM.QSU.mn","SpCond.uScm.mn","Turbidity.FNU.mn"
"13847","FRCH",2019-09-20 21:15:00,634.17236731524,"2019-09-20",74.6976208441614,87.5,25.6366666666667,28.9346666666667,0.420866666666667,2019-09-20 21:15:00,634.17236731524,28.9346666666667,74.6976208441614,87.5,25.6366666666667
"13848","FRCH",2019-09-20 21:30:00,637.325321043372,"2019-09-20",74.3223694991714,87.5,22.53,28.9013333333333,0.418373333333333,2019-09-20 21:30:00,637.325321043372,28.9013333333333,74.3223694991714,87.5,22.53
"13849","FRCH",2019-09-20 21:45:00,635.561957700253,"2019-09-20",74.382614771644,87.72,23.34,28.9073333333333,0.417106666666667,2019-09-20 21:45:00,635.561957700253,28.9073333333333,74.382614771644,87.72,23.34
"13850","FRCH",2019-09-20 22:00:00,634.292185916619,"2019-09-20",74.4231179791954,87.73,27.5,28.9066666666667,0.420166666666667,2019-09-20 22:00:00,634.292185916619,28.9066666666667,74.4231179791954,87.73,27.5
"13851","FRCH",2019-09-20 22:15:00,638.714911428385,"2019-09-20",74.903077073726,87.73,26.55,28.8926666666667,0.42056,2019-09-20 22:15:00,638.714911428385,28.8926666666667,74.903077073726,87.73,26.55
"13852","FRCH",2019-09-20 22:30:00,637.325321043372,"2019-09-20",75.1328899695584,87.74,25.05,28.8633333333333,0.420533333333333,2019-09-20 22:30:00,637.325321043372,28.8633333333333,75.1328899695584,87.74,25.05
"13853","FRCH",2019-09-20 22:45:00,637.579275400099,"2019-09-20",75.3491569480147,87.79,25.41,28.872,0.4191,2019-09-20 22:45:00,637.579275400099,28.872,75.3491569480147,87.79,25.41
"13854","FRCH",2019-09-20 23:00:00,639.850547456672,"2019-09-20",74.996358491614,87.79,28.3,28.8633333333333,0.417893333333333,2019-09-20 23:00:00,639.850547456672,28.8633333333333,74.996358491614,87.79,28.3
"13855","FRCH",2019-09-20 23:15:00,641.613910799791,"2019-09-20",75.1346998952043,87.78,43.9,28.8726666666667,0.416933333333333,2019-09-20 23:15:00,641.613910799791,28.8726666666667,75.1346998952043,87.78,43.9
"13856","FRCH",2019-09-20 23:30:00,639.582275945977,"2019-09-20",75.4821774429813,87.79,24.38,28.844,0.419466666666667,2019-09-20 23:30:00,639.582275945977,28.844,75.4821774429813,87.79,24.38
"13857","FRCH",2019-09-20 23:45:00,642.629728226699,"2019-09-20",75.5854969301554,87.81,26.2,28.8593333333333,0.419766666666667,2019-09-20 23:45:00,642.629728226699,28.8593333333333,75.5854969301554,87.81,26.2
"13858","FRCH",2019-09-21 00:00:00,644.393091569818,"2019-09-21",75.8430140384303,87.86,23.03,28.834,0.420933333333333,2019-09-21 00:00:00,644.393091569818,28.834,75.8430140384303,87.86,23.03
"13859","FRCH",2019-09-21 00:15:00,644.139137213091,"2019-09-21",75.5969918884238,87.83,24.8,28.82,0.42478,2019-09-21 00:15:00,644.139137213091,28.82,75.5969918884238,87.83,24.8
"13860","FRCH",2019-09-21 00:30:00,643.003501184805,"2019-09-21",75.9077729545876,87.86,30.79,28.838,0.425113333333333,2019-09-21 00:30:00,643.003501184805,28.838,75.9077729545876,87.86,30.79
"13861","FRCH",2019-09-21 00:45:00,646.156454912937,"2019-09-21",76.0767076165423,87.85,22.51,28.81,0.421933333333333,2019-09-21 00:45:00,646.156454912937,28.81,76.0767076165423,87.85,22.51
"13862","FRCH",2019-09-21 01:00:00,646.664363626391,"2019-09-21",76.2263501605805,87.89,31.81,28.7913333333333,0.424373333333333,2019-09-21 01:00:00,646.664363626391,28.7913333333333,76.2263501605805,87.89,31.81
"13863","FRCH",2019-09-21 01:15:00,649.817317354524,"2019-09-21",78.2847583769426,87.82,34.51,28.7686666666667,0.42414,2019-09-21 01:15:00,649.817317354524,28.7686666666667,78.2847583769426,87.82,34.51
"13864","FRCH",2019-09-21 01:30:00,650.445044669357,"2019-09-21",77.951663088173,87.81,26.87,28.7946666666667,0.426233333333333,2019-09-21 01:30:00,650.445044669357,28.7946666666667,77.951663088173,87.81,26.87
"13865","FRCH",2019-09-21 01:45:00,651.326726340916,"2019-09-21",78.5689387984388,87.84,23.79,28.752,0.42704,2019-09-21 01:45:00,651.326726340916,28.752,78.5689387984388,87.84,23.79
"13866","FRCH",2019-09-21 02:00:00,652.582180970582,"2019-09-21",78.6730382888601,87.79,102.4,28.7306666666667,0.4283,2019-09-21 02:00:00,652.582180970582,28.7306666666667,78.6730382888601,87.79,102.4
"13867","FRCH",2019-09-21 02:15:00,654.105907110943,"2019-09-21",78.7185742900073,87.76,28.61,28.738,0.430673333333333,2019-09-21 02:15:00,654.105907110943,28.738,78.7185742900073,87.76,28.61
"13868","FRCH",2019-09-21 02:30:00,655.869270454062,"2019-09-21",78.6996287147107,87.79,33.78,28.6973333333333,0.428146666666667,2019-09-21 02:30:00,655.869270454062,28.6973333333333,78.6996287147107,87.79,33.78
"13869","FRCH",2019-09-21 02:45:00,656.750952125622,"2019-09-21",78.9962008498456,87.7,27.74,28.6853333333333,0.429193333333333,2019-09-21 02:45:00,656.750952125622,28.6853333333333,78.9962008498456,87.7,27.74
"13870","FRCH",2019-09-21 03:00:00,658.260361112014,"2019-09-21",77.7193675933633,87.76,25.64,28.6646666666667,0.433393333333333,2019-09-21 03:00:00,658.260361112014,28.6646666666667,77.7193675933633,87.76,25.64
"13871","FRCH",2019-09-21 03:15:00,660.785587525314,"2019-09-21",77.6327676608433,87.6,23.47,28.6646666666667,0.43932,2019-09-21 03:15:00,660.785587525314,28.6646666666667,77.6327676608433,87.6,23.47
"13872","FRCH",2019-09-21 03:30:00,664.4464499669,"2019-09-21",78.0865033029623,87.69,25.05,28.6353333333333,0.43622,2019-09-21 03:30:00,664.4464499669,28.6353333333333,78.0865033029623,87.69,25.05
"13873","FRCH",2019-09-21 03:45:00,663.564768295341,"2019-09-21",78.3487197873075,87.69,29.46,28.602,0.441826666666667,2019-09-21 03:45:00,663.564768295341,28.602,78.3487197873075,87.69,29.46
"13874","FRCH",2019-09-21 04:00:00,663.430632539993,"2019-09-21",78.5831899820114,87.64,25.43,28.5753333333333,0.44446,2019-09-21 04:00:00,663.430632539993,28.5753333333333,78.5831899820114,87.64,25.43
"13875","FRCH",2019-09-21 04:15:00,667.973176653139,"2019-09-21",78.7722535912651,87.61,30.05,28.564,0.44144,2019-09-21 04:15:00,667.973176653139,28.564,78.7722535912651,87.61,30.05
"13876","FRCH",2019-09-21 04:30:00,668.735039723319,"2019-09-21",75.7004123642604,87.51,25.57,28.558,NA,2019-09-21 04:30:00,668.735039723319,28.558,75.7004123642604,87.51,25.57
"13877","FRCH",2019-09-21 04:45:00,671.006311779892,"2019-09-21",79.1927146397952,87.56,29.09,28.492,0.448433333333333,2019-09-21 04:45:00,671.006311779892,28.492,79.1927146397952,87.56,29.09
"13878","FRCH",2019-09-21 05:00:00,675.668674494418,"2019-09-21",79.7586727949155,87.48,25.57,28.4926666666667,0.4586,2019-09-21 05:00:00,675.668674494418,28.4926666666667,79.7586727949155,87.48,25.57
"13879","FRCH",2019-09-21 05:15:00,677.685992194264,"2019-09-21",78.3764233764352,87.48,27.65,28.3893333333333,0.46086,2019-09-21 05:15:00,677.685992194264,28.3893333333333,78.3764233764352,87.48,27.65
"13880","FRCH",2019-09-21 05:30:00,680.46517296429,"2019-09-21",80.3997737392198,87.3,29.96,28.392,0.466666666666667,2019-09-21 05:30:00,680.46517296429,28.392,80.3997737392198,87.3,29.96
"13881","FRCH",2019-09-21 05:45:00,684.126035405877,"2019-09-21",81.0987026104625,87.3,30.07,28.354,0.46712,2019-09-21 05:45:00,684.126035405877,28.354,81.0987026104625,87.3,30.07
"13882","FRCH",2019-09-21 06:00:00,686.263171707102,"2019-09-21",81.0255035959059,87.29,27.64,28.296,0.47038,2019-09-21 06:00:00,686.263171707102,28.296,81.0255035959059,87.29,27.64
"13883","FRCH",2019-09-21 06:15:00,689.670079791961,"2019-09-21",81.4026224908738,87.25,37.53,28.2986666666667,0.480833333333333,2019-09-21 06:15:00,689.670079791961,28.2986666666667,81.4026224908738,87.25,37.53
"13884","FRCH",2019-09-21 06:30:00,695.348259933394,"2019-09-21",78.0064390400399,87.16,40.14,28.26,NA,2019-09-21 06:30:00,695.348259933394,28.26,78.0064390400399,87.16,40.14
"13885","FRCH",2019-09-21 06:45:00,697.873486346693,"2019-09-21",81.9359435061368,87.13,37.82,28.263125,0.4922125,2019-09-21 06:45:00,697.873486346693,28.263125,81.9359435061368,87.13,37.82
"13886","FRCH",2019-09-21 07:00:00,702.789803417945,"2019-09-21",82.9129448298396,87.05,40.09,28.16625,0.49525625,2019-09-21 07:00:00,702.789803417945,28.16625,82.9129448298396,87.05,40.09
"13887","FRCH",2019-09-21 07:15:00,707.332347531091,"2019-09-21",83.1490879746526,86.93,40.11,28.1166666666667,0.498186666666667,2019-09-21 07:15:00,707.332347531091,28.1166666666667,83.1490879746526,86.93,40.11
"13888","FRCH",2019-09-21 07:30:00,709.603619587664,"2019-09-21",83.8928515522994,86.85,36.43,28.0533333333333,0.507973333333333,2019-09-21 07:30:00,709.603619587664,28.0533333333333,83.8928515522994,86.85,36.43
"13889","FRCH",2019-09-21 07:45:00,713.518436385978,"2019-09-21",85.095756831834,86.73,35.58,28.058125,0.51458125,2019-09-21 07:45:00,713.518436385978,28.058125,85.095756831834,86.73,35.58
"13890","FRCH",2019-09-21 08:00:00,719.316435128789,"2019-09-21",84.6018650935065,86.64,34.32,27.96,0.52309375,2019-09-21 08:00:00,719.316435128789,27.96,84.6018650935065,86.64,34.32
"13891","FRCH",2019-09-21 08:15:00,721.841661542089,"2019-09-21",83.487870456013,86.56,41.67,27.92375,0.53800625,2019-09-21 08:15:00,721.841661542089,27.92375,83.487870456013,86.56,41.67
"13892","FRCH",2019-09-21 08:30:00,729.029250669914,"2019-09-21",80.0035901973552,86.49,65.74,27.836,NA,2019-09-21 08:30:00,729.029250669914,27.836,80.0035901973552,86.49,65.74
"13893","FRCH",2019-09-21 08:45:00,737.486611581373,"2019-09-21",86.2952305756615,86.39,41.39,27.7726666666667,0.56374,2019-09-21 08:45:00,737.486611581373,27.7726666666667,86.2952305756615,86.39,41.39
"13894","FRCH",2019-09-21 09:00:00,740.251475197431,"2019-09-21",87.0759690329822,86.29,53.29,27.7213333333333,0.566933333333333,2019-09-21 09:00:00,740.251475197431,27.7213333333333,87.0759690329822,86.29,53.29
"13895","FRCH",2019-09-21 09:15:00,748.454881752163,"2019-09-21",88.6891607439318,86.15,59.05,27.6593333333333,0.58158,2019-09-21 09:15:00,748.454881752163,27.6593333333333,88.6891607439318,86.15,59.05
"13896","FRCH",2019-09-21 09:30:00,754.133061893596,"2019-09-21",89.5170414464599,86.08,79.76,27.61375,0.582325,2019-09-21 09:30:00,754.133061893596,27.61375,89.5170414464599,86.08,79.76
"13897","FRCH",2019-09-21 09:45:00,762.082514091601,"2019-09-21",90.9562715870343,85.97,57.84,27.57875,0.5942875,2019-09-21 09:45:00,762.082514091601,27.57875,90.9562715870343,85.97,57.84
"13898","FRCH",2019-09-21 10:00:00,767.132966918201,"2019-09-21",91.8910286492037,85.88,61.57,27.4675,0.59878125,2019-09-21 10:00:00,767.132966918201,27.4675,91.8910286492037,85.88,61.57
"13899","FRCH",2019-09-21 10:15:00,771.527058122031,"2019-09-21",93.0705176446367,85.74,80.1,27.405,0.6131625,2019-09-21 10:15:00,771.527058122031,27.405,93.0705176446367,85.74,80.1
"13900","FRCH",2019-09-21 10:30:00,779.490827474004,"2019-09-21",92.1929358159552,85.67,79.79,27.329375,0.621575,2019-09-21 10:30:00,779.490827474004,27.329375,92.1929358159552,85.67,79.79
"13901","FRCH",2019-09-21 10:45:00,791.355096470323,"2019-09-21",86.6575514692317,85.49,67.74,27.2925,NA,2019-09-21 10:45:00,791.355096470323,27.2925,86.6575514692317,85.49,67.74
"13902","FRCH",2019-09-21 11:00:00,796.659503653649,"2019-09-21",86.7483211180187,85.47,77.88,27.2575,NA,2019-09-21 11:00:00,796.659503653649,27.2575,86.7483211180187,85.47,77.88
"13903","FRCH",2019-09-21 11:15:00,805.850093327352,"2019-09-21",94.7361991864086,85.37,71.63,27.170625,0.65615,2019-09-21 11:15:00,805.850093327352,27.170625,94.7361991864086,85.37,71.63
"13904","FRCH",2019-09-21 11:30:00,813.679726923978,"2019-09-21",89.2048162506346,85.31,76.61,27.13875,NA,2019-09-21 11:30:00,813.679726923978,27.13875,89.2048162506346,85.31,76.61
"13905","FRCH",2019-09-21 11:45:00,819.492042820758,"2019-09-21",98.3235080593544,85.15,65.07,27.100625,0.6730625,2019-09-21 11:45:00,819.492042820758,27.100625,98.3235080593544,85.15,65.07
"13906","FRCH",2019-09-21 12:00:00,828.816768249809,"2019-09-21",98.7628983664643,85.08,72.8,27.0825,0.67535625,2019-09-21 12:00:00,828.816768249809,27.0825,98.7628983664643,85.08,72.8
"13907","FRCH",2019-09-21 12:15:00,836.646401846435,"2019-09-21",90.975291932618,85.03,181.4,26.97375,NA,2019-09-21 12:15:00,836.646401846435,26.97375,90.975291932618,85.03,181.4
"13908","FRCH",2019-09-21 12:30:00,845.237898513242,"2019-09-21",100.014423288716,84.89,69.16,26.90375,0.6922125,2019-09-21 12:30:00,845.237898513242,26.90375,100.014423288716,84.89,69.16
"13909","FRCH",2019-09-21 12:45:00,851.155715857432,"2019-09-21",91.5232977504685,84.83,69.57,26.804375,NA,2019-09-21 12:45:00,851.155715857432,26.804375,91.5232977504685,84.83,69.57
"13910","FRCH",2019-09-21 13:00:00,859.732895370271,"2019-09-21",102.320886599885,84.69,74.05,26.713125,0.70801875,2019-09-21 13:00:00,859.732895370271,26.713125,102.320886599885,84.69,74.05
"13911","FRCH",2019-09-21 13:15:00,867.548211812928,"2019-09-21",90.2580852761807,84.53,86.9,26.67375,NA,2019-09-21 13:15:00,867.548211812928,26.67375,90.2580852761807,84.53,86.9
"13912","FRCH",2019-09-21 13:30:00,879.666435165974,"2019-09-21",90.2021395982305,84.39,74.57,26.640625,NA,2019-09-21 13:30:00,879.666435165974,26.640625,90.2021395982305,84.39,74.57
"13913","FRCH",2019-09-21 13:45:00,887.4960687626,"2019-09-21",101.042479400148,84.31,88.9,26.585,0.73234375,2019-09-21 13:45:00,887.4960687626,26.585,101.042479400148,84.31,88.9
"13914","FRCH",2019-09-21 14:00:00,897.836611618557,"2019-09-21",93.0109630569111,84.21,80.4,26.51875,NA,2019-09-21 14:00:00,897.836611618557,26.51875,93.0109630569111,84.21,80.4
"13915","FRCH",2019-09-21 14:15:00,906.921699844849,"2019-09-21",104.460824309242,84.04,83.5,26.489375,0.742725,2019-09-21 14:15:00,906.921699844849,26.489375,104.460824309242,84.04,83.5
"13916","FRCH",2019-09-21 14:30:00,913.601380259221,"2019-09-21",93.0859729597366,83.91,95.9,26.43625,NA,2019-09-21 14:30:00,913.601380259221,26.43625,93.0859729597366,83.91,95.9
"13917","FRCH",2019-09-21 14:45:00,923.956240269147,"2019-09-21",105.713212697846,83.74,85.6,26.3675,0.7606625,2019-09-21 14:45:00,923.956240269147,26.3675,105.713212697846,83.74,85.6
"13918","FRCH",2019-09-21 15:00:00,931.412100907667,"2019-09-21",95.5829762219791,83.61,89.4,26.27125,NA,2019-09-21 15:00:00,931.412100907667,26.27125,95.5829762219791,83.61,89.4
"13919","FRCH",2019-09-21 15:15:00,941.005097847412,"2019-09-21",107.895906890605,83.42,92.4,26.29375,0.7795375,2019-09-21 15:15:00,941.005097847412,26.29375,107.895906890605,83.42,92.4
"13920","FRCH",2019-09-21 15:30:00,946.41500647815,"2019-09-21",96.9833227108675,83.26,78,26.303125,NA,2019-09-21 15:30:00,946.41500647815,26.303125,96.9833227108675,83.26,78
"13921","FRCH",2019-09-21 15:45:00,954.139138627365,"2019-09-21",97.3610464922322,83.05,89.4,26.15875,NA,2019-09-21 15:45:00,954.139138627365,26.15875,97.3610464922322,83.05,89.4
"13922","FRCH",2019-09-21 16:00:00,957.397593802908,"2019-09-21",98.1184121533601,82.85,101.6,26.164375,NA,2019-09-21 16:00:00,957.397593802908,26.164375,98.1184121533601,82.85,101.6
"13923","FRCH",2019-09-21 16:15:00,967.004907896623,"2019-09-21",112.222259173595,82.63,111.5,26.205625,0.82714375,2019-09-21 16:15:00,967.004907896623,26.205625,112.222259173595,82.63,111.5
"13924","FRCH",2019-09-21 16:30:00,975.313815898766,"2019-09-21",100.257626484618,82.52,99.2,26.220625,NA,2019-09-21 16:30:00,975.313815898766,26.220625,100.257626484618,82.52,99.2
"13925","FRCH",2019-09-21 16:45:00,984.667175635753,"2019-09-21",100.857783197324,82.33,107.9,26.1125,NA,2019-09-21 16:45:00,984.667175635753,26.1125,100.857783197324,82.33,107.9
"13926","FRCH",2019-09-21 17:00:00,989.224036902867,"2019-09-21",101.361180649393,82.11,136.9,26.105625,NA,2019-09-21 17:00:00,989.224036902867,26.105625,101.361180649393,82.11,136.9
"13927","FRCH",2019-09-21 17:15:00,997.053670499494,"2019-09-21",115.303946198085,81.94,121,26.14875,0.862325,2019-09-21 17:15:00,997.053670499494,26.14875,115.303946198085,81.94,121
"13928","FRCH",2019-09-21 17:30:00,1001.95567041678,"2019-09-21",101.179504594114,81.67,93.6,26.121875,NA,2019-09-21 17:30:00,1001.95567041678,26.121875,101.179504594114,81.67,93.6
"13929","FRCH",2019-09-21 17:45:00,1003.33094364782,"2019-09-21",117.179699555349,81.48,106.6,26.084375,0.87875625,2019-09-21 17:45:00,1003.33094364782,26.084375,117.179699555349,81.48,106.6
"13930","FRCH",2019-09-21 18:00:00,1008.88930518788,"2019-09-21",104.01568689192,81.25,118.7,26.09875,NA,2019-09-21 18:00:00,1008.88930518788,26.09875,104.01568689192,81.25,118.7
"13931","FRCH",2019-09-21 18:15:00,1015.83725711294,"2019-09-21",119.044384611984,81.05,111.3,26.006875,0.88255,2019-09-21 18:15:00,1015.83725711294,26.006875,119.044384611984,81.05,111.3
"13932","FRCH",2019-09-21 18:30:00,1020.12584686936,"2019-09-21",104.335085315554,80.77,110.7,26.0375,NA,2019-09-21 18:30:00,1020.12584686936,26.0375,104.335085315554,80.77,110.7
"13933","FRCH",2019-09-21 18:45:00,1029.86729671842,"2019-09-21",120.819924398997,80.6,156.1,26.28625,0.91250625,2019-09-21 18:45:00,1029.86729671842,26.28625,120.819924398997,80.6,156.1
"13934","FRCH",2019-09-21 19:00:00,1022.79952619198,"2019-09-21",105.541234478279,80.45,125.5,26.395625,NA,2019-09-21 19:00:00,1022.79952619198,26.395625,105.541234478279,80.45,125.5
"13935","FRCH",2019-09-21 19:15:00,1038.17620472057,"2019-09-21",104.114786769832,80.26,112.8,27.4225,NA,2019-09-21 19:15:00,1038.17620472057,27.4225,104.114786769832,80.26,112.8
"13936","FRCH",2019-09-21 19:30:00,1042.10533867285,"2019-09-21",105.923919468454,79.99,116.3,NA,NA,2019-09-21 19:30:00,1042.10533867285,NA,105.923919468454,79.99,116.3
"13937","FRCH",2019-09-21 19:45:00,1046.39392842927,"2019-09-21",105.002667923325,79.82,129.1,NA,NA,2019-09-21 19:45:00,1046.39392842927,NA,105.002667923325,79.82,129.1
"13938","FRCH",2019-09-21 20:00:00,1052.69983588553,"2019-09-21",104.170433380069,79.65,113.9,NA,NA,2019-09-21 20:00:00,1052.69983588553,NA,104.170433380069,79.65,113.9
"13939","FRCH",2019-09-21 20:15:00,1061.78492411182,"2019-09-21",123.501121326643,79.43,125.6,NA,0.971975,2019-09-21 20:15:00,1061.78492411182,NA,123.501121326643,79.43,125.6
"13940","FRCH",2019-09-21 20:30:00,1066.56710542773,"2019-09-21",105.564616500609,79.3,138.5,NA,NA,2019-09-21 20:30:00,1066.56710542773,NA,105.564616500609,79.3,138.5
"13941","FRCH",2019-09-21 20:45:00,1063.51965314701,"2019-09-21",105.044658882144,79.01,118.9,NA,NA,2019-09-21 20:45:00,1063.51965314701,NA,105.044658882144,79.01,118.9
"13942","FRCH",2019-09-21 21:00:00,1069.83987775724,"2019-09-21",105.518238631207,78.67,120.7,NA,NA,2019-09-21 21:00:00,1069.83987775724,NA,105.518238631207,78.67,120.7
"13943","FRCH",2019-09-21 21:15:00,1074.14278466763,"2019-09-21",106.438848863716,78.6,118.4,NA,NA,2019-09-21 21:15:00,1074.14278466763,NA,106.438848863716,78.6,118.4
"13944","FRCH",2019-09-21 21:30:00,1081.4645095508,"2019-09-21",123.427051232852,78.32,100.1,NA,0.99443125,2019-09-21 21:30:00,1081.4645095508,NA,123.427051232852,78.32,100.1
"13945","FRCH",2019-09-21 21:45:00,1088.51796292328,"2019-09-21",124.169215925306,78.02,117.7,NA,0.99945,2019-09-21 21:45:00,1088.51796292328,NA,124.169215925306,78.02,117.7
"13946","FRCH",2019-09-21 22:00:00,1090.17582481899,"2019-09-21",105.591107117698,77.9,111.8,NA,NA,2019-09-21 22:00:00,1090.17582481899,NA,105.591107117698,77.9,111.8
"13947","FRCH",2019-09-21 22:15:00,1094.21046021868,"2019-09-21",104.858509299915,77.67,113.1,NA,NA,2019-09-21 22:15:00,1094.21046021868,NA,104.858509299915,77.67,113.1
"13948","FRCH",2019-09-21 22:30:00,1093.32877854712,"2019-09-21",103.225454607388,77.55,112.1,NA,NA,2019-09-21 22:30:00,1093.32877854712,NA,103.225454607388,77.55,112.1
"13949","FRCH",2019-09-21 22:45:00,1092.67241692435,"2019-09-21",124.533801610202,77.32,102.4,NA,1.03038125,2019-09-21 22:45:00,1092.67241692435,NA,124.533801610202,77.32,102.4
"13950","FRCH",2019-09-21 23:00:00,1098.61886857648,"2019-09-21",125.763100138466,77.1,98.6,NA,1.01705,2019-09-21 23:00:00,1098.61886857648,NA,125.763100138466,77.1,98.6
"13951","FRCH",2019-09-21 23:15:00,1103.16141268962,"2019-09-21",107.792862691387,77,98.2,NA,NA,2019-09-21 23:15:00,1103.16141268962,NA,107.792862691387,77,98.2
"13952","FRCH",2019-09-21 23:30:00,1104.16291296256,"2019-09-21",107.546338511934,76.79,120.9,NA,NA,2019-09-21 23:30:00,1104.16291296256,NA,107.546338511934,76.79,120.9
"13953","FRCH",2019-09-21 23:45:00,1111.1251820416,"2019-09-21",128.033777612313,76.67,149,NA,1.0391875,2019-09-21 23:45:00,1111.1251820416,NA,128.033777612313,76.67,149
"13954","FRCH",2019-09-22 00:00:00,1114.00986425903,"2019-09-22",128.628620063676,76.61,108.8,NA,1.02545,2019-09-22 00:00:00,1114.00986425903,NA,128.628620063676,76.61,108.8
"13955","FRCH",2019-09-22 00:15:00,1114.77172732921,"2019-09-22",111.365456169804,76.55,128.1,NA,NA,2019-09-22 00:15:00,1114.77172732921,NA,111.365456169804,76.55,128.1
"13956","FRCH",2019-09-22 00:30:00,1113.39645409817,"2019-09-22",131.948282402415,76.42,120.6,NA,1.02833125,2019-09-22 00:30:00,1113.39645409817,NA,131.948282402415,76.42,120.6
"13957","FRCH",2019-09-22 00:45:00,1120.85231473669,"2019-09-22",110.029073042324,76.31,122.3,NA,NA,2019-09-22 00:45:00,1120.85231473669,NA,110.029073042324,76.31,122.3
"13958","FRCH",2019-09-22 01:00:00,1122.85531528257,"2019-09-22",111.711426422734,76.19,143.7,NA,NA,2019-09-22 01:00:00,1122.85531528257,NA,111.711426422734,76.19,143.7
"13959","FRCH",2019-09-22 01:15:00,1123.85681555551,"2019-09-22",111.498735439083,76.12,104.1,NA,NA,2019-09-22 01:15:00,1123.85681555551,NA,111.498735439083,76.12,104.1
"13960","FRCH",2019-09-22 01:30:00,1124.1250870662,"2019-09-22",111.379925030613,75.8,113.4,NA,NA,2019-09-22 01:30:00,1124.1250870662,NA,111.379925030613,75.8,113.4
"13961","FRCH",2019-09-22 01:45:00,1124.75281438103,"2019-09-22",132.145966249786,75.88,115.7,NA,1.02761875,2019-09-22 01:45:00,1124.75281438103,NA,132.145966249786,75.88,115.7
"13962","FRCH",2019-09-22 02:00:00,1127.65181375244,"2019-09-22",131.198988871731,76.04,106.7,NA,1.0307125,2019-09-22 02:00:00,1127.65181375244,NA,131.198988871731,76.04,106.7
"13963","FRCH",2019-09-22 02:15:00,1130.04290441039,"2019-09-22",131.772032623251,75.77,109.9,NA,1.02993125,2019-09-22 02:15:00,1130.04290441039,NA,131.772032623251,75.77,109.9
"13964","FRCH",2019-09-22 02:30:00,1123.73699695413,"2019-09-22",110.004136178343,75.66,107.8,NA,NA,2019-09-22 02:30:00,1123.73699695413,NA,110.004136178343,75.66,107.8
"13965","FRCH",2019-09-22 02:45:00,1129.30967564815,"2019-09-22",111.674516727244,75.35,94.3,NA,NA,2019-09-22 02:45:00,1129.30967564815,NA,111.674516727244,75.35,94.3
"13966","FRCH",2019-09-22 03:00:00,1131.44681194937,"2019-09-22",111.422110867306,75.23,105.4,NA,NA,2019-09-22 03:00:00,1131.44681194937,NA,111.422110867306,75.23,105.4
"13967","FRCH",2019-09-22 03:15:00,1131.0587218373,"2019-09-22",111.794671328412,75.14,97.3,NA,NA,2019-09-22 03:15:00,1131.0587218373,NA,111.794671328412,75.14,97.3
"13968","FRCH",2019-09-22 03:30:00,1126.38204196881,"2019-09-22",105.726382423917,75.03,116.1,NA,NA,2019-09-22 03:30:00,1126.38204196881,NA,105.726382423917,75.03,116.1
"13969","FRCH",2019-09-22 03:45:00,1123.88544986344,"2019-09-22",116.122466767885,74.95,99.3,NA,NA,2019-09-22 03:45:00,1123.88544986344,NA,116.122466767885,74.95,99.3
"13970","FRCH",2019-09-22 04:00:00,1122.49585947843,"2019-09-22",136.363185979178,74.82,133.1,NA,1.02531875,2019-09-22 04:00:00,1122.49585947843,NA,136.363185979178,74.82,133.1
"13971","FRCH",2019-09-22 04:15:00,1122.8839495905,"2019-09-22",136.682551043586,74.75,102,NA,1.03026875,2019-09-22 04:15:00,1122.8839495905,NA,136.682551043586,74.75,102
"13972","FRCH",2019-09-22 04:30:00,1130.44531167643,"2019-09-22",115.0458743906,74.69,144.6,NA,NA,2019-09-22 04:30:00,1130.44531167643,NA,115.0458743906,74.69,144.6
"13973","FRCH",2019-09-22 04:45:00,1125.27504024846,"2019-09-22",136.340569800312,74.66,109,NA,1.027075,2019-09-22 04:45:00,1125.27504024846,NA,136.340569800312,74.66,109
"13974","FRCH",2019-09-22 05:00:00,1125.51467745121,"2019-09-22",115.876210105681,74.63,80.1,NA,NA,2019-09-22 05:00:00,1125.51467745121,NA,115.876210105681,74.63,80.1
"13975","FRCH",2019-09-22 05:15:00,1122.10776936635,"2019-09-22",116.114533751196,74.57,95.1,NA,NA,2019-09-22 05:15:00,1122.10776936635,NA,116.114533751196,74.57,95.1
"13976","FRCH",2019-09-22 05:30:00,1122.25622227567,"2019-09-22",136.705979427754,74.54,122.3,NA,1.0239,2019-09-22 05:30:00,1122.25622227567,NA,136.705979427754,74.54,122.3
"13977","FRCH",2019-09-22 05:45:00,1122.2419051217,"2019-09-22",135.986025150924,74.5,96.3,NA,1.018525,2019-09-22 05:45:00,1122.2419051217,NA,135.986025150924,74.5,96.3
"13978","FRCH",2019-09-22 06:00:00,1115.29395319664,"2019-09-22",137.921664659438,74.4,98.88,NA,1.01121875,2019-09-22 06:00:00,1115.29395319664,NA,137.921664659438,74.4,98.88
"13979","FRCH",2019-09-22 06:15:00,1118.08745112063,"2019-09-22",138.649649235265,74.42,104.4,NA,1.0102875,2019-09-22 06:15:00,1118.08745112063,NA,138.649649235265,74.42,104.4
"13980","FRCH",2019-09-22 06:30:00,1110.88554483884,"2019-09-22",138.31329207684,74.37,84.8,NA,1.00906875,2019-09-22 06:30:00,1110.88554483884,NA,138.31329207684,74.37,84.8
"13981","FRCH",2019-09-22 06:45:00,1113.78454421024,"2019-09-22",118.172371108463,74.34,103.8,NA,NA,2019-09-22 06:45:00,1113.78454421024,NA,118.172371108463,74.34,103.8
"13982","FRCH",2019-09-22 07:00:00,1106.34300072569,"2019-09-22",138.779919932348,74.3,90.3,NA,1.003425,2019-09-22 07:00:00,1106.34300072569,NA,138.779919932348,74.3,90.3
"13983","FRCH",2019-09-22 07:15:00,1103.42968420032,"2019-09-22",138.917518725659,74.31,98.1,NA,0.99438125,2019-09-22 07:15:00,1103.42968420032,NA,138.917518725659,74.31,98.1
"13984","FRCH",2019-09-22 07:30:00,1102.15991241668,"2019-09-22",139.765428551456,74.2,89.99,NA,0.99729375,2019-09-22 07:30:00,1102.15991241668,NA,139.765428551456,74.2,89.99
"13985","FRCH",2019-09-22 07:45:00,1094.62718463869,"2019-09-22",139.262880776315,74.2,81.31,NA,0.996775,2019-09-22 07:45:00,1094.62718463869,NA,139.262880776315,74.2,81.31
"13986","FRCH",2019-09-22 08:00:00,1083.76441591531,"2019-09-22",139.175669572222,74.3,91.74,NA,0.9943625,2019-09-22 08:00:00,1083.76441591531,NA,139.175669572222,74.3,91.74
"13987","FRCH",2019-09-22 08:15:00,1095.74850351301,"2019-09-22",117.531419131174,74.3,75.82,NA,NA,2019-09-22 08:15:00,1095.74850351301,NA,117.531419131174,74.3,75.82
"13988","FRCH",2019-09-22 08:30:00,1089.45691321071,"2019-09-22",140.106537819935,74.3,68.29,NA,0.98644375,2019-09-22 08:30:00,1089.45691321071,NA,140.106537819935,74.3,68.29
"13989","FRCH",2019-09-22 08:45:00,1088.54659723121,"2019-09-22",141.829374211018,74.2,84.83,NA,0.98765625,2019-09-22 08:45:00,1088.54659723121,NA,141.829374211018,74.2,84.83
"13990","FRCH",2019-09-22 09:00:00,1089.56241465812,"2019-09-22",141.457867598158,74.31,89.4,NA,0.97610625,2019-09-22 09:00:00,1089.56241465812,NA,141.457867598158,74.31,89.4
"13991","FRCH",2019-09-22 09:15:00,1081.73278106149,"2019-09-22",122.405332693985,74.3,95.44,NA,NA,2019-09-22 09:15:00,1081.73278106149,NA,122.405332693985,74.3,95.44
"13992","FRCH",2019-09-22 09:30:00,1082.88273424375,"2019-09-22",144.090958795669,74.2,99.44,NA,0.97429375,2019-09-22 09:30:00,1082.88273424375,NA,144.090958795669,74.2,99.44
"13993","FRCH",2019-09-22 09:45:00,1079.72978051562,"2019-09-22",123.882215230139,74.2,76.13,NA,NA,2019-09-22 09:45:00,1079.72978051562,NA,123.882215230139,74.2,76.13
"13994","FRCH",2019-09-22 10:00:00,1067.37191995981,"2019-09-22",144.028482581038,74.2,73.03,NA,0.971093333333333,2019-09-22 10:00:00,1067.37191995981,NA,144.028482581038,74.2,73.03
"13995","FRCH",2019-09-22 10:15:00,1072.66200998917,"2019-09-22",142.78599108328,74.3,79.82,NA,0.967093333333333,2019-09-22 10:15:00,1072.66200998917,NA,142.78599108328,74.3,79.82
"13996","FRCH",2019-09-22 10:30:00,1071.27241960416,"2019-09-22",122.918691802787,74.3,73.43,NA,NA,2019-09-22 10:30:00,1071.27241960416,NA,122.918691802787,74.3,73.43
"13997","FRCH",2019-09-22 10:45:00,1056.67192129972,"2019-09-22",145.352888952157,74.3,71.92,NA,0.9688125,2019-09-22 10:45:00,1056.67192129972,NA,145.352888952157,74.3,71.92
"13998","FRCH",2019-09-22 11:00:00,1059.76760641198,"2019-09-22",145.797699832544,74.3,93.6,NA,0.960725,2019-09-22 11:00:00,1059.76760641198,NA,145.797699832544,74.3,93.6
"13999","FRCH",2019-09-22 11:15:00,1065.60855661669,"2019-09-22",146.003529098183,74.3,63.61,NA,0.95985625,2019-09-22 11:15:00,1065.60855661669,NA,146.003529098183,74.3,63.61
"14000","FRCH",2019-09-22 11:30:00,1054.49183353659,"2019-09-22",146.726867533121,74.4,110.08,NA,0.95081875,2019-09-22 11:30:00,1054.49183353659,NA,146.726867533121,74.4,110.08
"14001","FRCH",2019-09-22 11:45:00,1055.5076509635,"2019-09-22",149.393923880748,74.4,95.64,NA,0.9528875,2019-09-22 11:45:00,1055.5076509635,NA,149.393923880748,74.4,95.64
"14002","FRCH",2019-09-22 12:00:00,1051.31024550052,"2019-09-22",147.909521128706,74.4,61.07,NA,0.94576875,2019-09-22 12:00:00,1051.31024550052,NA,147.909521128706,74.4,61.07
"14003","FRCH",2019-09-22 12:15:00,1051.21906120708,"2019-09-22",149.902290618712,74.5,72.32,NA,0.9416,2019-09-22 12:15:00,1051.21906120708,NA,149.902290618712,74.5,72.32
"14004","FRCH",2019-09-22 12:30:00,1042.50774593889,"2019-09-22",148.007800089395,74.5,82,NA,0.94091875,2019-09-22 12:30:00,1042.50774593889,NA,148.007800089395,74.5,82
"14005","FRCH",2019-09-22 12:45:00,1044.41956219133,"2019-09-22",146.418877962497,74.6,69.66,NA,0.941725,2019-09-22 12:45:00,1044.41956219133,NA,146.418877962497,74.6,69.66
"14006","FRCH",2019-09-22 13:00:00,1041.52056281992,"2019-09-22",147.10985791836,74.6,73.25,NA,0.94080625,2019-09-22 13:00:00,1041.52056281992,NA,147.10985791836,74.6,73.25
"14007","FRCH",2019-09-22 13:15:00,1029.11975080221,"2019-09-22",144.370290337456,74.7,58.61,NA,0.9313625,2019-09-22 13:15:00,1029.11975080221,NA,144.370290337456,74.7,58.61
"14008","FRCH",2019-09-22 13:30:00,1035.9478841259,"2019-09-22",126.658862863166,74.7,66.85,NA,NA,2019-09-22 13:30:00,1035.9478841259,NA,126.658862863166,74.7,66.85
"14009","FRCH",2019-09-22 13:45:00,1031.77911297086,"2019-09-22",127.545912058064,74.7,55.57,NA,NA,2019-09-22 13:45:00,1031.77911297086,NA,127.545912058064,74.7,55.57
"14010","FRCH",2019-09-22 14:00:00,1019.63225530988,"2019-09-22",146.961630639067,74.7,65.25,NA,0.92406875,2019-09-22 14:00:00,1019.63225530988,NA,146.961630639067,74.7,65.25
"14011","FRCH",2019-09-22 14:15:00,1025.33906975924,"2019-09-22",146.630954748868,74.8,69.31,NA,0.91944375,2019-09-22 14:15:00,1025.33906975924,NA,146.630954748868,74.8,69.31
"14012","FRCH",2019-09-22 14:30:00,1024.08361512958,"2019-09-22",146.674702072981,74.9,61.865,NA,0.91991875,2019-09-22 14:30:00,1024.08361512958,NA,146.674702072981,74.9,61.865
"14013","FRCH",2019-09-22 14:45:00,1020.91634424748,"2019-09-22",147.278257069518,74.9,61.045,NA,0.9194125,2019-09-22 14:45:00,1020.91634424748,NA,147.278257069518,74.9,61.045
"14014","FRCH",2019-09-22 15:00:00,1019.28711665971,"2019-09-22",147.216014498081,75,72.785,NA,0.92303125,2019-09-22 15:00:00,1019.28711665971,NA,147.216014498081,75,72.785
"14015","FRCH",2019-09-22 15:15:00,1011.69712026584,"2019-09-22",148.081820139703,75,60.28,NA,0.920025,2019-09-22 15:15:00,1011.69712026584,NA,148.081820139703,75,60.28
"14016","FRCH",2019-09-22 15:30:00,1005.25707705423,"2019-09-22",148.181135240004,75.1,67.345,25.819375,0.91435625,2019-09-22 15:30:00,1005.25707705423,25.819375,148.181135240004,75.1,67.345
"14017","FRCH",2019-09-22 15:45:00,1005.40552996354,"2019-09-22",147.800553361026,75.1,NA,25.465625,0.90891875,2019-09-22 15:45:00,1005.40552996354,25.465625,147.800553361026,75.1,NA
"14018","FRCH",2019-09-22 16:00:00,1000.72885009505,"2019-09-22",147.236564504041,75.2,63.89,NA,0.90745625,2019-09-22 16:00:00,1000.72885009505,NA,147.236564504041,75.2,63.89
"14019","FRCH",2019-09-22 16:15:00,1003.77630237577,"2019-09-22",148.128199146158,75.3,55.48,NA,0.90331875,2019-09-22 16:15:00,1003.77630237577,NA,148.128199146158,75.3,55.48
"14020","FRCH",2019-09-22 16:30:00,993.780898169982,"2019-09-22",147.69092973504,75.1,65.305,24.868125,0.90164375,2019-09-22 16:30:00,993.780898169982,24.868125,147.69092973504,75.1,65.305
"14021","FRCH",2019-09-22 16:45:00,995.050669953616,"2019-09-22",129.151233085653,75.4,56.18,NA,NA,2019-09-22 16:45:00,995.050669953616,NA,129.151233085653,75.4,56.18
"14022","FRCH",2019-09-22 17:00:00,986.847263398883,"2019-09-22",147.546457304462,75.5,58.195,NA,0.89814375,2019-09-22 17:00:00,986.847263398883,NA,147.546457304462,75.5,58.195
"14023","FRCH",2019-09-22 17:15:00,992.300123491526,"2019-09-22",146.855282569168,75.6,63.55,24.564375,0.8926625,2019-09-22 17:15:00,992.300123491526,24.564375,146.855282569168,75.6,63.55
"14024","FRCH",2019-09-22 17:30:00,980.407220187271,"2019-09-22",147.248569339967,75.6,51.095,24.2925,0.88925625,2019-09-22 17:30:00,980.407220187271,24.2925,147.248569339967,75.6,51.095
"14025","FRCH",2019-09-22 17:45:00,982.812627999191,"2019-09-22",148.028375839464,75.7,54.245,24.37375,0.89060625,2019-09-22 17:45:00,982.812627999191,24.37375,148.028375839464,75.7,54.245
"14026","FRCH",2019-09-22 18:00:00,977.388402214486,"2019-09-22",147.576592821932,75.8,53.905,24.4025,0.8868625,2019-09-22 18:00:00,977.388402214486,24.4025,147.576592821932,75.8,53.905
"14027","FRCH",2019-09-22 18:15:00,972.069677877191,"2019-09-22",147.526799872338,75.9,56.52,23.998125,0.8791,2019-09-22 18:15:00,972.069677877191,23.998125,147.526799872338,75.9,56.52
"14028","FRCH",2019-09-22 18:30:00,975.625038871366,"2019-09-22",147.593706405858,75.9,59.655,NA,0.88291875,2019-09-22 18:30:00,975.625038871366,NA,147.593706405858,75.9,59.655
"14029","FRCH",2019-09-22 18:45:00,967.929541030088,"2019-09-22",146.65005487011,76,60.035,NA,0.8795875,2019-09-22 18:45:00,967.929541030088,NA,146.65005487011,76,60.035
"14030","FRCH",2019-09-22 19:00:00,970.962676156841,"2019-09-22",128.480665874004,75.9,54.875,NA,NA,2019-09-22 19:00:00,970.962676156841,NA,128.480665874004,75.9,54.875
"14031","FRCH",2019-09-22 19:15:00,963.894905630395,"2019-09-22",146.860084896249,76.2,46.985,23.85625,0.8746625,2019-09-22 19:15:00,963.894905630395,23.85625,146.860084896249,76.2,46.985
"14032","FRCH",2019-09-22 19:30:00,959.35236151725,"2019-09-22",145.846362598637,76,49.845,24.07375,0.87636875,2019-09-22 19:30:00,959.35236151725,24.07375,145.846362598637,76,49.845
"14033","FRCH",2019-09-22 19:45:00,959.860270230703,"2019-09-22",127.867747776754,75.6,53.635,24.01125,NA,2019-09-22 19:45:00,959.860270230703,24.01125,127.867747776754,75.6,53.635
"14034","FRCH",2019-09-22 20:00:00,953.674181375817,"2019-09-22",146.076391013435,76.2,49.65,23.94,0.86603125,2019-09-22 20:00:00,953.674181375817,23.94,146.076391013435,76.2,49.65
"14035","FRCH",2019-09-22 20:15:00,944.680277442967,"2019-09-22",143.635472786193,76.3,NA,23.88,0.86734375,2019-09-22 20:15:00,944.680277442967,23.88,143.635472786193,76.3,NA
"14036","FRCH",2019-09-22 20:30:00,945.590593422464,"2019-09-22",127.445215207225,76,43.735,23.924375,NA,2019-09-22 20:30:00,945.590593422464,23.924375,127.445215207225,76,43.735
"14037","FRCH",2019-09-22 20:45:00,944.843047506252,"2019-09-22",127.61179687851,76.2,53.015,23.889375,NA,2019-09-22 20:45:00,944.843047506252,23.889375,127.61179687851,76.2,53.015
"14038","FRCH",2019-09-22 21:00:00,938.642641497397,"2019-09-22",144.722242105118,76.1,57.87,23.800625,0.858425,2019-09-22 21:00:00,938.642641497397,23.800625,144.722242105118,76.1,57.87
"14039","FRCH",2019-09-22 21:15:00,931.948643929058,"2019-09-22",144.861539518065,76.3,NA,23.81625,0.8557,2019-09-22 21:15:00,931.948643929058,23.81625,144.861539518065,76.3,NA
"14040","FRCH",2019-09-22 21:30:00,935.384186321854,"2019-09-22",143.114229269386,76.3,49.65,23.715625,0.85265625,2019-09-22 21:30:00,935.384186321854,23.715625,143.114229269386,76.3,49.65
"14041","FRCH",2019-09-22 21:45:00,928.421917242819,"2019-09-22",126.0280583052,76.1,46.51,23.94375,NA,2019-09-22 21:45:00,928.421917242819,23.94375,126.0280583052,76.1,46.51
"14042","FRCH",2019-09-22 22:00:00,926.150645186246,"2019-09-22",143.409629473749,76.3,47.34,23.875625,0.8468625,2019-09-22 22:00:00,926.150645186246,23.875625,143.409629473749,76.3,47.34
"14043","FRCH",2019-09-22 22:15:00,921.234328114994,"2019-09-22",143.808167786845,76.45,52.06,23.93125,0.8447375,2019-09-22 22:15:00,921.234328114994,23.93125,143.808167786845,76.45,52.06
"14044","FRCH",2019-09-22 22:30:00,924.401598997095,"2019-09-22",NA,76.5,59.285,24.006875,0.84834375,2019-09-22 22:30:00,924.401598997095,24.006875,NA,76.5,59.285
"14045","FRCH",2019-09-22 22:45:00,921.114509513615,"2019-09-22",143.850950352812,76.6,46.985,23.898125,0.8405625,2019-09-22 22:45:00,921.114509513615,23.898125,143.850950352812,76.6,46.985
"14046","FRCH",2019-09-22 23:00:00,919.470964771875,"2019-09-22",141.890865410685,76.5,45.465,23.891875,0.8402625,2019-09-22 23:00:00,919.470964771875,23.891875,141.890865410685,76.5,45.465
"14047","FRCH",2019-09-22 23:15:00,915.810102330288,"2019-09-22",141.666400279984,76.6,51.865,23.9925,0.83563125,2019-09-22 23:15:00,915.810102330288,23.9925,141.666400279984,76.6,51.865
"14048","FRCH",2019-09-22 23:30:00,911.535829727838,"2019-09-22",141.849607279502,76.9,43.18,24.05375,0.83121875,2019-09-22 23:30:00,911.535829727838,24.05375,141.849607279502,76.9,43.18
"14049","FRCH",2019-09-22 23:45:00,904.693379250182,"2019-09-22",141.303616607435,76.9,39.66,23.9775,0.8327375,2019-09-22 23:45:00,904.693379250182,23.9775,141.303616607435,76.9,39.66
"14050","FRCH",2019-09-23 00:00:00,907.486877174177,"2019-09-23",141.393362039807,76.7,49.41,24.151875,0.82805625,2019-09-23 00:00:00,907.486877174177,24.151875,141.393362039807,76.7,49.41
"14051","FRCH",2019-09-23 00:15:00,903.318106019137,"2019-09-23",124.476131340692,77,54.225,24.09875,NA,2019-09-23 00:15:00,903.318106019137,24.09875,124.476131340692,77,54.225
"14052","FRCH",2019-09-23 00:30:00,897.625608723736,"2019-09-23",140.446427755157,77,48.89,24.145,0.82395625,2019-09-23 00:30:00,897.625608723736,24.145,140.446427755157,77,48.89
"14053","FRCH",2019-09-23 00:45:00,896.250335492691,"2019-09-23",139.56853309357,77.1,41.345,24.23375,0.82181875,2019-09-23 00:45:00,896.250335492691,24.23375,139.56853309357,77.1,41.345
"14054","FRCH",2019-09-23 01:00:00,893.844927680771,"2019-09-23",139.326258287836,77,42.805,24.18375,0.8148875,2019-09-23 01:00:00,893.844927680771,24.18375,139.326258287836,77,42.805
"14055","FRCH",2019-09-23 01:15:00,893.097381764559,"2019-09-23",139.543395212829,77.1,48.04,24.240625,0.8114,2019-09-23 01:15:00,893.097381764559,24.240625,139.543395212829,77.1,48.04
"14056","FRCH",2019-09-23 01:30:00,890.960245463333,"2019-09-23",139.442077056715,77.1,NA,24.346875,0.815825,2019-09-23 01:30:00,890.960245463333,24.346875,139.442077056715,77.1,NA
"14057","FRCH",2019-09-23 01:45:00,891.468154176787,"2019-09-23",138.427004157715,77.3,47.55,24.41625,0.81405,2019-09-23 01:45:00,891.468154176787,24.41625,138.427004157715,77.3,47.55
"14058","FRCH",2019-09-23 02:00:00,883.370249069466,"2019-09-23",137.848392116173,77.4,NA,24.35625,0.81083125,2019-09-23 02:00:00,883.370249069466,24.35625,137.848392116173,77.4,NA
"14059","FRCH",2019-09-23 02:15:00,882.637020307222,"2019-09-23",137.827198820387,77.4,40.375,24.45625,0.80666875,2019-09-23 02:15:00,882.637020307222,24.45625,137.827198820387,77.4,40.375
"14060","FRCH",2019-09-23 02:30:00,879.857839537196,"2019-09-23",137.564925141213,77.5,41.78,24.38875,0.80336875,2019-09-23 02:30:00,879.857839537196,24.38875,137.564925141213,77.5,41.78
"14061","FRCH",2019-09-23 02:45:00,880.231612495301,"2019-09-23",135.173292874598,77.7,50.13,24.4225,0.80109375,2019-09-23 02:45:00,880.231612495301,24.4225,135.173292874598,77.7,50.13
"14062","FRCH",2019-09-23 03:00:00,877.212794522516,"2019-09-23",NA,77.5,40.305,24.51625,0.80090625,2019-09-23 03:00:00,877.212794522516,24.51625,NA,77.5,40.305
"14063","FRCH",2019-09-23 03:15:00,872.655933255402,"2019-09-23",136.704654553943,77.8,50.2233333333333,24.51125,0.8004375,2019-09-23 03:15:00,872.655933255402,24.51125,136.704654553943,77.8,50.2233333333333
"14064","FRCH",2019-09-23 03:30:00,867.859434785529,"2019-09-23",135.245812446539,77.7,38.8266666666667,24.614375,0.7961375,2019-09-23 03:30:00,867.859434785529,24.614375,135.245812446539,77.7,38.8266666666667
"14065","FRCH",2019-09-23 03:45:00,867.73961618415,"2019-09-23",136.309779809069,77.9,42.27,24.693125,0.79283125,2019-09-23 03:45:00,867.73961618415,24.693125,136.309779809069,77.9,42.27
"14066","FRCH",2019-09-23 04:00:00,864.572345302049,"2019-09-23",134.980211803579,77.7,48.13,24.666875,0.79380625,2019-09-23 04:00:00,864.572345302049,24.666875,134.980211803579,77.7,48.13
"14067","FRCH",2019-09-23 04:15:00,865.976252841031,"2019-09-23",134.753352709829,77.8,40.5133333333333,24.659375,0.79641875,2019-09-23 04:15:00,865.976252841031,24.659375,134.753352709829,77.8,40.5133333333333
"14068","FRCH",2019-09-23 04:30:00,861.433708727885,"2019-09-23",134.455680376493,78.1,NA,24.789375,0.79016875,2019-09-23 04:30:00,861.433708727885,24.789375,134.455680376493,78.1,NA
"14069","FRCH",2019-09-23 04:45:00,860.044118342871,"2019-09-23",134.375920138352,78.2,NA,24.785625,0.78960625,2019-09-23 04:45:00,860.044118342871,24.785625,134.375920138352,78.2,NA
"14070","FRCH",2019-09-23 05:00:00,855.501574229726,"2019-09-23",133.468384303514,78.4,47.4466666666667,24.914375,0.7809625,2019-09-23 05:00:00,855.501574229726,24.914375,133.468384303514,78.4,47.4466666666667
"14071","FRCH",2019-09-23 05:15:00,857.025300370086,"2019-09-23",133.97649920291,78.1,44.1866666666667,24.970625,0.7803625,2019-09-23 05:15:00,857.025300370086,24.970625,133.97649920291,78.1,44.1866666666667
"14072","FRCH",2019-09-23 05:30:00,849.301168220871,"2019-09-23",134.785788346598,78.3333333333333,43,24.900625,0.78388125,2019-09-23 05:30:00,849.301168220871,24.900625,134.785788346598,78.3333333333333,43
"14073","FRCH",2019-09-23 05:45:00,848.299667947932,"2019-09-23",133.373292314221,78.3,41.76,24.993125,0.77985,2019-09-23 05:45:00,848.299667947932,24.993125,133.373292314221,78.3,41.76
"14074","FRCH",2019-09-23 06:00:00,850.07734844502,"2019-09-23",134.091134276552,78.5,46.8666666666667,24.971875,0.77775625,2019-09-23 06:00:00,850.07734844502,24.971875,134.091134276552,78.5,46.8666666666667
"14075","FRCH",2019-09-23 06:15:00,847.925894989826,"2019-09-23",132.910733567144,78.4,55.0066666666667,25.010625,0.77323125,2019-09-23 06:15:00,847.925894989826,25.010625,132.910733567144,78.4,55.0066666666667
"14076","FRCH",2019-09-23 06:30:00,841.217580267518,"2019-09-23",133.298993789757,78.4,40.81,25.15125,0.7699875,2019-09-23 06:30:00,841.217580267518,25.15125,133.298993789757,78.4,40.81
"14077","FRCH",2019-09-23 06:45:00,845.146714219799,"2019-09-23",133.03579475662,78.5,38.4266666666667,25.07,0.767575,2019-09-23 06:45:00,845.146714219799,25.07,133.03579475662,78.5,38.4266666666667
"14078","FRCH",2019-09-23 07:00:00,839.588352679746,"2019-09-23",133.216028129201,78.6,47.9566666666667,25.1375,0.76903125,2019-09-23 07:00:00,839.588352679746,25.1375,133.216028129201,78.6,47.9566666666667
"14079","FRCH",2019-09-23 07:15:00,837.959125091975,"2019-09-23",132.384261713397,78.5,46.95,25.259375,0.76775625,2019-09-23 07:15:00,837.959125091975,25.259375,132.384261713397,78.5,46.95
"14080","FRCH",2019-09-23 07:30:00,838.840806763534,"2019-09-23",132.423515782974,78.7,45.06,25.274375,0.76515,2019-09-23 07:30:00,838.840806763534,25.274375,132.423515782974,78.7,45.06
"14081","FRCH",2019-09-23 07:45:00,835.821988790749,"2019-09-23",132.431906229952,78.6,45.0533333333333,25.235,0.7623875,2019-09-23 07:45:00,835.821988790749,25.235,132.431906229952,78.6,45.0533333333333
"14082","FRCH",2019-09-23 08:00:00,830.891354565529,"2019-09-23",131.001916863918,78.8,38.5566666666667,25.27375,0.75515625,2019-09-23 08:00:00,830.891354565529,25.27375,131.001916863918,78.8,38.5566666666667
"14083","FRCH",2019-09-23 08:15:00,832.012673439847,"2019-09-23",131.557954796026,79,40.2566666666667,25.314375,0.75373125,2019-09-23 08:15:00,832.012673439847,25.314375,131.557954796026,79,40.2566666666667
"14084","FRCH",2019-09-23 08:30:00,832.280944950542,"2019-09-23",130.502607517959,78.9,46.0933333333333,25.42,0.74951875,2019-09-23 08:30:00,832.280944950542,25.42,130.502607517959,78.9,46.0933333333333
"14085","FRCH",2019-09-23 08:45:00,827.724083683428,"2019-09-23",131.753351971336,78.6,38.84,25.4475,0.750575,2019-09-23 08:45:00,827.724083683428,25.4475,131.753351971336,78.6,38.84
"14086","FRCH",2019-09-23 09:00:00,826.856719165836,"2019-09-23",131.463178573503,78.7,44.48,25.428125,0.74796875,2019-09-23 09:00:00,826.856719165836,25.428125,131.463178573503,78.7,44.48
"14087","FRCH",2019-09-23 09:15:00,823.435493927009,"2019-09-23",130.556990495952,78.8,39.3966666666667,25.550625,0.749675,2019-09-23 09:15:00,823.435493927009,25.550625,130.556990495952,78.8,39.3966666666667
"14088","FRCH",2019-09-23 09:30:00,824.345809906505,"2019-09-23",130.247684232088,78.8,NA,25.5525,0.745875,2019-09-23 09:30:00,824.345809906505,25.5525,130.247684232088,78.8,NA
"14089","FRCH",2019-09-23 09:45:00,819.012768415242,"2019-09-23",131.320736096355,79.3,37.52,25.699375,0.74828125,2019-09-23 09:45:00,819.012768415242,25.699375,131.320736096355,79.3,37.52
"14090","FRCH",2019-09-23 10:00:00,817.38354082747,"2019-09-23",118.035410479626,79.5,35.4066666666667,25.631875,NA,2019-09-23 10:00:00,817.38354082747,25.631875,118.035410479626,79.5,35.4066666666667
"14091","FRCH",2019-09-23 10:15:00,820.282540198876,"2019-09-23",129.623650953329,79.3,44.23,25.790625,0.73775625,2019-09-23 10:15:00,820.282540198876,25.790625,129.623650953329,79.3,44.23
"14092","FRCH",2019-09-23 10:30:00,822.314175052691,"2019-09-23",130.373264649613,79.3,45.2366666666667,25.74,0.73555625,2019-09-23 10:30:00,822.314175052691,25.74,130.373264649613,79.3,45.2366666666667
"14093","FRCH",2019-09-23 10:45:00,810.03318163636,"2019-09-23",130.746646226427,79.4,38.38,25.844375,0.72945625,2019-09-23 10:45:00,810.03318163636,25.844375,130.746646226427,79.4,38.38
"14094","FRCH",2019-09-23 11:00:00,815.73999608573,"2019-09-23",130.638795271296,79.7,41.4466666666667,25.829375,0.73171875,2019-09-23 11:00:00,815.73999608573,25.829375,130.638795271296,79.7,41.4466666666667
"14095","FRCH",2019-09-23 11:15:00,817.771630939545,"2019-09-23",130.913713323339,79.7,35.91,25.895625,0.73245,2019-09-23 11:15:00,817.771630939545,25.895625,130.913713323339,79.7,35.91
"14096","FRCH",2019-09-23 11:30:00,813.468724029157,"2019-09-23",130.227590690138,79.7,43.69,25.960625,0.73140625,2019-09-23 11:30:00,813.468724029157,25.960625,130.227590690138,79.7,43.69
"14097","FRCH",2019-09-23 11:45:00,814.618677211412,"2019-09-23",129.329493038665,79.4,NA,25.951875,0.7327375,2019-09-23 11:45:00,814.618677211412,25.951875,129.329493038665,79.4,NA
"14098","FRCH",2019-09-23 12:00:00,810.823679014478,"2019-09-23",129.925497037673,79.4,34.3133333333333,26.065625,0.7243375,2019-09-23 12:00:00,810.823679014478,26.065625,129.925497037673,79.4,34.3133333333333
"14099","FRCH",2019-09-23 12:15:00,809.822178741539,"2019-09-23",129.775818626967,79.6,36.6533333333333,26.050625,0.72405,2019-09-23 12:15:00,809.822178741539,26.050625,129.775818626967,79.6,36.6533333333333
"14100","FRCH",2019-09-23 12:30:00,810.076133098266,"2019-09-23",117.282769064728,79.7,40.91,26.113125,NA,2019-09-23 12:30:00,810.076133098266,26.113125,117.282769064728,79.7,40.91
"14101","FRCH",2019-09-23 12:45:00,808.298452601178,"2019-09-23",129.666899949566,79.9666666666667,35.5266666666667,26.1525,0.71918125,2019-09-23 12:45:00,808.298452601178,26.1525,129.666899949566,79.9666666666667,35.5266666666667
"14102","FRCH",2019-09-23 13:00:00,806.52077210409,"2019-09-23",129.805383957376,79.6,34.24,26.081875,0.71684375,2019-09-23 13:00:00,806.52077210409,26.081875,129.805383957376,79.6,34.24
"14103","FRCH",2019-09-23 13:15:00,804.369318648897,"2019-09-23",129.544524700472,79.6,43.9533333333333,26.205,0.7162625,2019-09-23 13:15:00,804.369318648897,26.205,129.544524700472,79.6,43.9533333333333
"14104","FRCH",2019-09-23 13:30:00,806.027180544605,"2019-09-23",129.287731935583,79.7,NA,26.21875,0.71355,2019-09-23 13:30:00,806.027180544605,26.21875,129.287731935583,79.7,NA
"14105","FRCH",2019-09-23 13:45:00,808.178633999799,"2019-09-23",130.371244477954,79.9,40.08,26.23375,0.72131875,2019-09-23 13:45:00,808.178633999799,26.23375,130.371244477954,79.9,40.08
"14106","FRCH",2019-09-23 14:00:00,808.312769755147,"2019-09-23",130.051560481042,80.1333333333333,NA,26.289375,0.71018125,2019-09-23 14:00:00,808.312769755147,26.289375,130.051560481042,80.1333333333333,NA
"14107","FRCH",2019-09-23 14:15:00,805.399453229772,"2019-09-23",129.902543211766,80.1,39.2166666666667,26.244375,0.70789375,2019-09-23 14:15:00,805.399453229772,26.244375,129.902543211766,80.1,39.2166666666667
"14108","FRCH",2019-09-23 14:30:00,802.754408215093,"2019-09-23",129.37471294703,80.2,30.6733333333333,26.2925,0.70385,2019-09-23 14:30:00,802.754408215093,26.2925,129.37471294703,80.2,30.6733333333333
"14109","FRCH",2019-09-23 14:45:00,802.500453858366,"2019-09-23",128.496133110281,80.1,33.6466666666667,26.326875,0.707625,2019-09-23 14:45:00,802.500453858366,26.326875,128.496133110281,80.1,33.6466666666667
"14110","FRCH",2019-09-23 15:00:00,800.976727718005,"2019-09-23",129.033701000823,80.3,38.4833333333333,26.3575,0.70324375,2019-09-23 15:00:00,800.976727718005,26.3575,129.033701000823,80.3,38.4833333333333
"14111","FRCH",2019-09-23 15:15:00,798.331682703327,"2019-09-23",129.024416938635,80.5,NA,26.36625,0.6980125,2019-09-23 15:15:00,798.331682703327,26.36625,129.024416938635,80.5,NA
"14112","FRCH",2019-09-23 15:30:00,792.864505456715,"2019-09-23",128.441138865483,80.5,36.01,26.4425,0.6979375,2019-09-23 15:30:00,792.864505456715,26.4425,128.441138865483,80.5,36.01
"14113","FRCH",2019-09-23 15:45:00,795.044593219846,"2019-09-23",128.401757808797,80.4,35.1533333333333,26.40875,0.69814375,2019-09-23 15:45:00,795.044593219846,26.40875,128.401757808797,80.4,35.1533333333333
"14114","FRCH",2019-09-23 16:00:00,796.074727800722,"2019-09-23",128.497032361327,80.5,35.1266666666667,26.4825,0.69541875,2019-09-23 16:00:00,796.074727800722,26.4825,128.497032361327,80.5,35.1266666666667
"14115","FRCH",2019-09-23 16:15:00,794.162911548287,"2019-09-23",127.355853248534,80.5,44.9833333333333,26.513125,0.6970125,2019-09-23 16:15:00,794.162911548287,26.513125,127.355853248534,80.5,44.9833333333333
"14116","FRCH",2019-09-23 16:30:00,789.994140393247,"2019-09-23",128.046037777445,80.5333333333333,44.0433333333333,26.539375,0.69500625,2019-09-23 16:30:00,789.994140393247,26.539375,128.046037777445,80.5333333333333,44.0433333333333
"14117","FRCH",2019-09-23 16:45:00,791.771820890335,"2019-09-23",127.971040379623,80.5,34.5466666666667,26.6375,0.692575,2019-09-23 16:45:00,791.771820890335,26.6375,127.971040379623,80.5,34.5466666666667
"14118","FRCH",2019-09-23 17:00:00,791.652002288955,"2019-09-23",128.292004613108,80.6,38.57,26.636875,0.6946875,2019-09-23 17:00:00,791.652002288955,26.636875,128.292004613108,80.6,38.57
"14119","FRCH",2019-09-23 17:15:00,792.159911002409,"2019-09-23",127.746515040066,80.6,40.6566666666667,26.67125,0.69318125,2019-09-23 17:15:00,792.159911002409,26.67125,127.746515040066,80.6,40.6566666666667
"14120","FRCH",2019-09-23 17:30:00,789.888638945836,"2019-09-23",127.205866426277,80.7,45.5233333333333,26.714375,0.6855125,2019-09-23 17:30:00,789.888638945836,26.714375,127.205866426277,80.7,45.5233333333333
"14121","FRCH",2019-09-23 17:45:00,790.128276148594,"2019-09-23",126.91707780541,80.7,45.44,26.726875,0.68555,2019-09-23 17:45:00,790.128276148594,26.726875,126.91707780541,80.7,45.44
"14122","FRCH",2019-09-23 18:00:00,785.585732035448,"2019-09-23",126.008543841623,80.7,35.2533333333333,26.726875,0.68323125,2019-09-23 18:00:00,785.585732035448,26.726875,126.008543841623,80.7,35.2533333333333
"14123","FRCH",2019-09-23 18:15:00,788.110958448748,"2019-09-23",126.405011558535,80.8,34.5566666666667,26.865,0.6824625,2019-09-23 18:15:00,788.110958448748,26.865,126.405011558535,80.8,34.5566666666667
"14124","FRCH",2019-09-23 18:30:00,784.062005895087,"2019-09-23",125.554035652939,80.8,36.0166666666667,26.84875,0.68183125,2019-09-23 18:30:00,784.062005895087,26.84875,125.554035652939,80.8,36.0166666666667
"14125","FRCH",2019-09-23 18:45:00,783.822368692329,"2019-09-23",124.219727663156,81.2,31.88,26.85125,0.68196875,2019-09-23 18:45:00,783.822368692329,26.85125,124.219727663156,81.2,31.88
"14126","FRCH",2019-09-23 19:00:00,784.704050363889,"2019-09-23",124.267721105432,81.1,37.5966666666667,26.859375,0.6807625,2019-09-23 19:00:00,784.704050363889,26.859375,124.267721105432,81.1,37.5966666666667
"14127","FRCH",2019-09-23 19:15:00,782.552596908695,"2019-09-23",124.37210352287,80.9,31.3033333333333,26.94375,0.68014375,2019-09-23 19:15:00,782.552596908695,26.94375,124.37210352287,80.9,31.3033333333333
"14128","FRCH",2019-09-23 19:30:00,781.670915237135,"2019-09-23",124.302538393284,81,32.9933333333333,26.965,0.68203125,2019-09-23 19:30:00,781.670915237135,26.965,124.302538393284,81,32.9933333333333
"14129","FRCH",2019-09-23 19:45:00,780.041687649364,"2019-09-23",123.002316566904,81.2,32.5966666666667,27.041875,0.67303125,2019-09-23 19:45:00,780.041687649364,27.041875,123.002316566904,81.2,32.5966666666667
"14130","FRCH",2019-09-23 20:00:00,781.191640831619,"2019-09-23",123.086753983545,81.3,33.44,27.015,0.67219375,2019-09-23 20:00:00,781.191640831619,27.015,123.086753983545,81.3,33.44
"14131","FRCH",2019-09-23 20:15:00,779.667914691258,"2019-09-23",123.271499160519,81.2,32.4,27.039375,0.67575625,2019-09-23 20:15:00,779.667914691258,27.039375,123.271499160519,81.2,32.4
"14132","FRCH",2019-09-23 20:30:00,777.770415592791,"2019-09-23",122.797704140764,81.5,32.8433333333333,27.074375,0.67719375,2019-09-23 20:30:00,777.770415592791,27.074375,122.797704140764,81.5,32.8433333333333
"14133","FRCH",2019-09-23 20:45:00,771.210553779798,"2019-09-23",122.272452479299,81.3,32.64,27.1166666666667,0.669146666666667,2019-09-23 20:45:00,771.210553779798,27.1166666666667,122.272452479299,81.3,32.64
"14134","FRCH",2019-09-23 21:00:00,772.346189808085,"2019-09-23",112.003566892664,81.4333333333333,32.2933333333333,27.165,NA,2019-09-23 21:00:00,772.346189808085,27.165,112.003566892664,81.4333333333333,32.2933333333333
"14135","FRCH",2019-09-23 21:15:00,770.956599423072,"2019-09-23",122.522195515238,81.3,28.6825,27.19125,0.67079375,2019-09-23 21:15:00,770.956599423072,27.19125,122.522195515238,81.3,28.6825
"14136","FRCH",2019-09-23 21:30:00,767.923464296318,"2019-09-23",121.894178032292,81.4,35.63,27.224375,0.6642375,2019-09-23 21:30:00,767.923464296318,27.224375,121.894178032292,81.4,35.63
"14137","FRCH",2019-09-23 21:45:00,769.567009038059,"2019-09-23",121.468484858327,81.4,31.6033333333333,27.24,0.6661375,2019-09-23 21:45:00,769.567009038059,27.24,121.468484858327,81.4,31.6033333333333
"14138","FRCH",2019-09-23 22:00:00,765.144283526291,"2019-09-23",121.410685808629,81.3,34.78,27.238125,0.663825,2019-09-23 22:00:00,765.144283526291,27.238125,121.410685808629,81.3,34.78
"14139","FRCH",2019-09-23 22:15:00,766.279919554578,"2019-09-23",111.815832215744,81.3,33.53,27.2825,NA,2019-09-23 22:15:00,766.279919554578,27.2825,111.815832215744,81.3,33.53
"14140","FRCH",2019-09-23 22:30:00,762.379419910234,"2019-09-23",120.988609798498,81.325,44.4425,27.345,0.6566125,2019-09-23 22:30:00,762.379419910234,27.345,120.988609798498,81.325,44.4425
"14141","FRCH",2019-09-23 22:45:00,759.854193496934,"2019-09-23",121.518287563524,81.3,32.9875,27.35875,0.65958125,2019-09-23 22:45:00,759.854193496934,27.35875,121.518287563524,81.3,32.9875
"14142","FRCH",2019-09-23 23:00:00,757.70274004174,"2019-09-23",120.856748753562,81.4,35.25,27.40875,0.6577875,2019-09-23 23:00:00,757.70274004174,27.40875,120.856748753562,81.4,35.25
"14143","FRCH",2019-09-23 23:15:00,756.0591953,"2019-09-23",NA,81.4,NA,27.411875,0.65455,2019-09-23 23:15:00,756.0591953,27.411875,NA,81.4,NA
"14144","FRCH",2019-09-23 23:30:00,754.549786313607,"2019-09-23",120.021289494332,81.45,34.6525,27.474375,0.65598125,2019-09-23 23:30:00,754.549786313607,27.474375,120.021289494332,81.45,34.6525
"14145","FRCH",2019-09-23 23:45:00,752.786422970488,"2019-09-23",120.151495241311,81.5,31.0775,27.515625,0.65323125,2019-09-23 23:45:00,752.786422970488,27.515625,120.151495241311,81.5,31.0775
"14146","FRCH",2019-09-24 00:00:00,752.532468613761,"2019-09-24",119.866419766417,81.5,32.8875,27.56,0.6519625,2019-09-24 00:00:00,752.532468613761,27.56,119.866419766417,81.5,32.8875
"14147","FRCH",2019-09-24 00:15:00,750.888923872021,"2019-09-24",118.731226196978,81.5,51.48,27.5,0.64965,2019-09-24 00:15:00,750.888923872021,27.5,118.731226196978,81.5,51.48
"14148","FRCH",2019-09-24 00:30:00,751.142878228748,"2019-09-24",119.283404176967,81.6,34.1775,27.56375,0.65204375,2019-09-24 00:30:00,751.142878228748,27.56375,119.283404176967,81.6,34.1775
"14149","FRCH",2019-09-24 00:45:00,752.038877054276,"2019-09-24",119.189706112576,81.6,35.185,27.595,0.65215625,2019-09-24 00:45:00,752.038877054276,27.595,119.189706112576,81.6,35.185
"14150","FRCH",2019-09-24 01:00:00,746.720152716981,"2019-09-24",119.258495315379,81.6,41.1475,27.620625,0.6490625,2019-09-24 01:00:00,746.720152716981,27.620625,119.258495315379,81.6,41.1475
"14151","FRCH",2019-09-24 01:15:00,748.363697458721,"2019-09-24",118.016762343887,81.625,33.0775,27.594375,0.64154375,2019-09-24 01:15:00,748.363697458721,27.594375,118.016762343887,81.625,33.0775
"14152","FRCH",2019-09-24 01:30:00,745.330562331968,"2019-09-24",117.792051105647,81.7,33.5625,27.64,0.64428125,2019-09-24 01:30:00,745.330562331968,27.64,117.792051105647,81.7,33.5625
"14153","FRCH",2019-09-24 01:45:00,743.193426030742,"2019-09-24",117.544112739095,81.7,30.2725,27.663125,0.6451125,2019-09-24 01:45:00,743.193426030742,27.663125,117.544112739095,81.7,30.2725
"14154","FRCH",2019-09-24 02:00:00,743.32756178609,"2019-09-24",116.27932104404,81.7,32.945,27.766875,0.63850625,2019-09-24 02:00:00,743.32756178609,27.766875,116.27932104404,81.7,32.945
"14155","FRCH",2019-09-24 02:15:00,740.294426659337,"2019-09-24",116.937054741012,81.7,35.0375,27.775625,0.64713125,2019-09-24 02:15:00,740.294426659337,27.775625,116.937054741012,81.7,35.0375
"14156","FRCH",2019-09-24 02:30:00,742.431562960562,"2019-09-24",NA,81.825,32.4075,27.7913333333333,0.639866666666667,2019-09-24 02:30:00,742.431562960562,27.7913333333333,NA,81.825,32.4075
"14157","FRCH",2019-09-24 02:45:00,737.127155777235,"2019-09-24",115.529405116098,81.8,30.7057142857143,27.9193333333333,0.637906666666667,2019-09-24 02:45:00,737.127155777235,27.9193333333333,115.529405116098,81.8,30.7057142857143
"14158","FRCH",2019-09-24 03:00:00,738.770700518976,"2019-09-24",115.359323492516,81.8,NA,27.856,0.6382,2019-09-24 03:00:00,738.770700518976,27.856,115.359323492516,81.8,NA
"14159","FRCH",2019-09-24 03:15:00,736.753382819129,"2019-09-24",115.226209394939,81.9,34.416,27.884,0.6366,2019-09-24 03:15:00,736.753382819129,27.884,115.226209394939,81.9,34.416
"14160","FRCH",2019-09-24 03:30:00,733.974202049103,"2019-09-24",115.198090073041,81.9,32.218,27.914375,0.63158125,2019-09-24 03:30:00,733.974202049103,27.914375,115.198090073041,81.9,32.218
"14161","FRCH",2019-09-24 03:45:00,735.243973832737,"2019-09-24",114.503805089605,81.95,32.26,27.974375,0.6293625,2019-09-24 03:45:00,735.243973832737,27.974375,114.503805089605,81.95,32.26
"14162","FRCH",2019-09-24 04:00:00,731.434658481835,"2019-09-24",114.714248775282,82,34.1825,27.9675,0.62803125,2019-09-24 04:00:00,731.434658481835,27.9675,114.714248775282,82,34.1825
"14163","FRCH",2019-09-24 04:15:00,730.82124832097,"2019-09-24",114.100825930947,82,29.9625,28.041875,0.62903125,2019-09-24 04:15:00,730.82124832097,28.041875,114.100825930947,82,29.9625
"14164","FRCH",2019-09-24 04:30:00,728.056384704912,"2019-09-24",114.206142415665,82,28.8925,27.984375,0.632875,2019-09-24 04:30:00,728.056384704912,27.984375,114.206142415665,82,28.8925
"14165","FRCH",2019-09-24 04:45:00,728.056384704912,"2019-09-24",113.72541222593,82.1,NA,28.005625,0.62535625,2019-09-24 04:45:00,728.056384704912,28.005625,113.72541222593,82.1,NA
"14166","FRCH",2019-09-24 05:00:00,726.412839963172,"2019-09-24",113.226461359692,82.1,35.05,28.0375,0.62490625,2019-09-24 05:00:00,726.412839963172,28.0375,113.226461359692,82.1,35.05
"14167","FRCH",2019-09-24 05:15:00,721.855978696057,"2019-09-24",112.797150745325,82.1,30.5625,28.00875,0.619925,2019-09-24 05:15:00,721.855978696057,28.00875,112.797150745325,82.1,30.5625
"14168","FRCH",2019-09-24 05:30:00,720.346569709665,"2019-09-24",112.399126875835,82.15,34.51,28.048125,0.61815,2019-09-24 05:30:00,720.346569709665,28.048125,112.399126875835,82.15,34.51
"14169","FRCH",2019-09-24 05:45:00,721.242568535193,"2019-09-24",113.144981995718,82.2,41.3725,28.08375,0.6224,2019-09-24 05:45:00,721.242568535193,28.08375,113.144981995718,82.2,41.3725
"14170","FRCH",2019-09-24 06:00:00,722.244068808132,"2019-09-24",111.908700132448,82.2,28.3275,28.09625,0.61995,2019-09-24 06:00:00,722.244068808132,28.09625,111.908700132448,82.2,28.3275
"14171","FRCH",2019-09-24 06:15:00,716.834160177395,"2019-09-24",112.747365540006,82.2,32.235,28.02125,0.6168,2019-09-24 06:15:00,716.834160177395,28.02125,112.747365540006,82.2,32.235
"14172","FRCH",2019-09-24 06:30:00,714.414435211506,"2019-09-24",112.141207971139,82.2,31.4475,28.0875,0.6171625,2019-09-24 06:30:00,714.414435211506,28.0875,112.141207971139,82.2,31.4475
"14173","FRCH",2019-09-24 06:45:00,716.192115708594,"2019-09-24",111.886223826071,82.3,32.475,28.0925,0.6162875,2019-09-24 06:45:00,716.192115708594,28.0925,111.886223826071,82.3,32.475
"14174","FRCH",2019-09-24 07:00:00,713.412934938567,"2019-09-24",111.371639792744,82.3,33.3075,28.19125,0.6171,2019-09-24 07:00:00,713.412934938567,28.19125,111.371639792744,82.3,33.3075
"14175","FRCH",2019-09-24 07:15:00,713.412934938567,"2019-09-24",110.852251268338,82.4,33.65,28.16125,0.61605,2019-09-24 07:15:00,713.412934938567,28.16125,110.852251268338,82.4,33.65
"14176","FRCH",2019-09-24 07:30:00,713.039161980461,"2019-09-24",110.94719851877,82.4,34.1775,28.18125,0.61771875,2019-09-24 07:30:00,713.039161980461,28.18125,110.94719851877,82.4,34.1775
"14177","FRCH",2019-09-24 07:45:00,709.124345182148,"2019-09-24",110.739947357189,82.4,31.2875,28.226875,0.61205,2019-09-24 07:45:00,709.124345182148,28.226875,110.739947357189,82.4,31.2875
"14178","FRCH",2019-09-24 08:00:00,711.395617238721,"2019-09-24",110.743141116706,82.4,30.2425,28.130625,0.61045625,2019-09-24 08:00:00,711.395617238721,28.130625,110.743141116706,82.4,30.2425
"14179","FRCH",2019-09-24 08:15:00,711.141662881994,"2019-09-24",110.211255399898,82.4,30.4825,28.19375,0.6055125,2019-09-24 08:15:00,711.141662881994,28.19375,110.211255399898,82.4,30.4825
"14180","FRCH",2019-09-24 08:30:00,708.242663510588,"2019-09-24",110.404097621328,82.5,32.8725,28.251875,0.6094625,2019-09-24 08:30:00,708.242663510588,28.251875,110.404097621328,82.5,32.8725
"14181","FRCH",2019-09-24 08:45:00,707.107027482302,"2019-09-24",110.443598737258,82.5,38.605,28.251875,0.6132125,2019-09-24 08:45:00,707.107027482302,28.251875,110.443598737258,82.5,38.605
"14182","FRCH",2019-09-24 09:00:00,707.480800440408,"2019-09-24",110.180120855305,82.5,34.0675,28.265625,0.61568125,2019-09-24 09:00:00,707.480800440408,28.265625,110.180120855305,82.5,34.0675
"14183","FRCH",2019-09-24 09:15:00,705.463482740561,"2019-09-24",109.067349970064,82.6,28.5725,28.25875,0.6052375,2019-09-24 09:15:00,705.463482740561,28.25875,109.067349970064,82.6,28.5725
"14184","FRCH",2019-09-24 09:30:00,703.192210683988,"2019-09-24",110.089972344343,82.6,30.815,28.2825,0.60355625,2019-09-24 09:30:00,703.192210683988,28.2825,110.089972344343,82.6,30.815
"14185","FRCH",2019-09-24 09:45:00,703.954073754169,"2019-09-24",109.324451275545,82.65,30.415,28.3375,0.59795625,2019-09-24 09:45:00,703.954073754169,28.3375,109.324451275545,82.65,30.415
"14186","FRCH",2019-09-24 10:00:00,704.073892355548,"2019-09-24",101.620626394556,82.7,30.8775,28.3175,NA,2019-09-24 10:00:00,704.073892355548,28.3175,101.620626394556,82.7,30.8775
"14187","FRCH",2019-09-24 10:15:00,706.091210055394,"2019-09-24",110.059850816521,82.7,35.83,28.34125,0.5990875,2019-09-24 10:15:00,706.091210055394,28.34125,110.059850816521,82.7,35.83
"14188","FRCH",2019-09-24 10:30:00,705.329346985214,"2019-09-24",109.184824682474,82.725,36.5725,28.345,0.59855625,2019-09-24 10:30:00,705.329346985214,28.345,109.184824682474,82.725,36.5725
"14189","FRCH",2019-09-24 10:45:00,702.564483369156,"2019-09-24",109.558016081705,82.8,NA,28.420625,0.59576875,2019-09-24 10:45:00,702.564483369156,28.420625,109.558016081705,82.8,NA
"14190","FRCH",2019-09-24 11:00:00,703.954073754169,"2019-09-24",109.083100224378,82.8,28.5675,28.3875,0.5961375,2019-09-24 11:00:00,703.954073754169,28.3875,109.083100224378,82.8,28.5675
"14191","FRCH",2019-09-24 11:15:00,701.294711585522,"2019-09-24",109.355961043476,82.85,32.4425,28.37625,0.5961375,2019-09-24 11:15:00,701.294711585522,28.37625,109.355961043476,82.85,32.4425
"14192","FRCH",2019-09-24 11:30:00,701.802620298975,"2019-09-24",109.363873394626,82.9,32.745,28.37375,0.59204375,2019-09-24 11:30:00,701.802620298975,28.37375,109.363873394626,82.9,32.745
"14193","FRCH",2019-09-24 11:45:00,699.397212487055,"2019-09-24",108.802732181301,82.9,27.3475,28.415625,0.59429375,2019-09-24 11:45:00,699.397212487055,28.415625,108.802732181301,82.9,27.3475
"14194","FRCH",2019-09-24 12:00:00,697.379894787208,"2019-09-24",109.330778030395,83,31.41,28.41625,0.593225,2019-09-24 12:00:00,697.379894787208,28.41625,109.330778030395,83,31.41
"14195","FRCH",2019-09-24 12:15:00,699.397212487055,"2019-09-24",109.029983510766,83,32.2275,28.431875,0.590975,2019-09-24 12:15:00,699.397212487055,28.431875,109.029983510766,83,32.2275
"14196","FRCH",2019-09-24 12:30:00,696.48389596168,"2019-09-24",108.799929258803,83,31.8575,28.449375,0.59150625,2019-09-24 12:30:00,696.48389596168,28.449375,108.799929258803,83,31.8575
"14197","FRCH",2019-09-24 12:45:00,700.039256955856,"2019-09-24",109.594731071353,83.05,31.3725,28.48375,0.586525,2019-09-24 12:45:00,700.039256955856,28.48375,109.594731071353,83.05,31.3725
"14198","FRCH",2019-09-24 13:00:00,701.428847340869,"2019-09-24",109.684580230376,83.075,36.64,28.505625,0.58484375,2019-09-24 13:00:00,701.428847340869,28.505625,109.684580230376,83.075,36.64
"14199","FRCH",2019-09-24 13:15:00,695.348259933394,"2019-09-24",109.321556741957,83.15,31.7525,28.42625,0.58555625,2019-09-24 13:15:00,695.348259933394,28.42625,109.321556741957,83.15,31.7525
"14200","FRCH",2019-09-24 13:30:00,695.362577087362,"2019-09-24",101.788367727643,83.1,34.0275,28.513125,NA,2019-09-24 13:30:00,695.362577087362,28.513125,101.788367727643,83.1,34.0275
"14201","FRCH",2019-09-24 13:45:00,697.767984899283,"2019-09-24",101.838998331885,83.2,37.16,28.50625,NA,2019-09-24 13:45:00,697.767984899283,28.50625,101.838998331885,83.2,37.16
"14202","FRCH",2019-09-24 14:00:00,696.632348870996,"2019-09-24",109.022326150567,83.2,26.7475,28.518125,0.58018125,2019-09-24 14:00:00,696.632348870996,28.518125,109.022326150567,83.2,26.7475
"14203","FRCH",2019-09-24 14:15:00,694.107122457697,"2019-09-24",108.555515417339,83.3,28.738,28.53,0.583975,2019-09-24 14:15:00,694.107122457697,28.53,108.555515417339,83.3,28.738
"14204","FRCH",2019-09-24 14:30:00,694.226941059076,"2019-09-24",108.401841695959,83.3,28.92,28.5675,0.57964375,2019-09-24 14:30:00,694.226941059076,28.5675,108.401841695959,83.3,28.92
"14205","FRCH",2019-09-24 14:45:00,692.97148642941,"2019-09-24",107.8949702372,83.3,29.5875,28.60625,0.58565,2019-09-24 14:45:00,692.97148642941,28.60625,107.8949702372,83.3,29.5875
"14206","FRCH",2019-09-24 15:00:00,692.97148642941,"2019-09-24",107.573603155063,83.4,34.652,28.565625,0.57561875,2019-09-24 15:00:00,692.97148642941,28.565625,107.573603155063,83.4,34.652
"14207","FRCH",2019-09-24 15:15:00,695.122939884604,"2019-09-24",107.819652075096,83.4,29.726,28.586875,0.57745625,2019-09-24 15:15:00,695.122939884604,28.586875,107.819652075096,83.4,29.726
"14208","FRCH",2019-09-24 15:30:00,693.85316810097,"2019-09-24",107.692625926317,83.4,29.408,28.6206666666667,0.576906666666667,2019-09-24 15:30:00,693.85316810097,28.6206666666667,107.692625926317,83.4,29.408
"14209","FRCH",2019-09-24 15:45:00,689.68439694593,"2019-09-24",107.154675840662,83.4,30.26,28.55,0.5747,2019-09-24 15:45:00,689.68439694593,28.55,107.154675840662,83.4,30.26
"14210","FRCH",2019-09-24 16:00:00,692.463577715956,"2019-09-24",107.472028900654,83.5,35.984,28.635,0.57596875,2019-09-24 16:00:00,692.463577715956,28.635,107.472028900654,83.5,35.984
"14211","FRCH",2019-09-24 16:15:00,690.820032974216,"2019-09-24",106.637820542316,83.54,31.658,28.591875,0.5743,2019-09-24 16:15:00,690.820032974216,28.591875,106.637820542316,83.54,31.658
"14212","FRCH",2019-09-24 16:30:00,690.820032974216,"2019-09-24",106.864921702234,83.6,28.46,28.62625,0.57761875,2019-09-24 16:30:00,690.820032974216,28.62625,106.864921702234,83.6,28.46
"14213","FRCH",2019-09-24 16:45:00,689.310623987824,"2019-09-24",106.813499349728,83.5,29.188,28.6675,0.57736875,2019-09-24 16:45:00,689.310623987824,28.6675,106.813499349728,83.5,29.188
"14214","FRCH",2019-09-24 17:00:00,691.835850401124,"2019-09-24",106.421028554719,83.6,27.546,28.641875,0.56875625,2019-09-24 17:00:00,691.835850401124,28.641875,106.421028554719,83.6,27.546
"14215","FRCH",2019-09-24 17:15:00,692.583396317336,"2019-09-24",106.389891050753,83.7,28.284,28.65,0.57135625,2019-09-24 17:15:00,692.583396317336,28.65,106.389891050753,83.7,28.284
"14216","FRCH",2019-09-24 17:30:00,689.938351302657,"2019-09-24",106.14054980277,83.6,33.356,28.68375,0.5747,2019-09-24 17:30:00,689.938351302657,28.68375,106.14054980277,83.6,33.356
"14217","FRCH",2019-09-24 17:45:00,692.089804757851,"2019-09-24",105.361974556647,83.7,30.008,28.653125,0.5682875,2019-09-24 17:45:00,692.089804757851,28.653125,105.361974556647,83.7,30.008
"14218","FRCH",2019-09-24 18:00:00,690.44626001611,"2019-09-24",105.859333977302,83.7,30.55,28.691875,0.56361875,2019-09-24 18:00:00,690.44626001611,28.691875,105.859333977302,83.7,30.55
"14219","FRCH",2019-09-24 18:15:00,683.364172335696,"2019-09-24",105.282770964613,83.7,26.966,28.695625,0.56605625,2019-09-24 18:15:00,683.364172335696,28.695625,105.282770964613,83.7,26.966
"14220","FRCH",2019-09-24 18:30:00,689.430442589203,"2019-09-24",105.497787459564,83.8,29.89,28.721875,0.56715625,2019-09-24 18:30:00,689.430442589203,28.721875,105.497787459564,83.8,29.89
"14221","FRCH",2019-09-24 18:45:00,689.804215547309,"2019-09-24",104.624927781541,83.8,29.396,28.788125,0.564475,2019-09-24 18:45:00,689.804215547309,28.788125,104.624927781541,83.8,29.396
"14222","FRCH",2019-09-24 19:00:00,689.818532701277,"2019-09-24",105.183588223954,83.8,31.646,28.8075,0.56621875,2019-09-24 19:00:00,689.818532701277,28.8075,105.183588223954,83.8,31.646
"14223","FRCH",2019-09-24 19:15:00,687.293306287978,"2019-09-24",104.596504025523,83.9,28.482,28.77875,0.569625,2019-09-24 19:15:00,687.293306287978,28.77875,104.596504025523,83.9,28.482
"14224","FRCH",2019-09-24 19:30:00,687.15917053263,"2019-09-24",NA,83.9,31.966,28.77625,0.56811875,2019-09-24 19:30:00,687.15917053263,28.77625,NA,83.9,31.966
"14225","FRCH",2019-09-24 19:45:00,688.936851029718,"2019-09-24",103.956358789159,83.9,37.128,28.79,0.56545625,2019-09-24 19:45:00,688.936851029718,28.79,103.956358789159,83.9,37.128
"14226","FRCH",2019-09-24 20:00:00,690.072487058004,"2019-09-24",103.957216726899,83.88,NA,28.801875,0.5667625,2019-09-24 20:00:00,690.072487058004,28.801875,103.957216726899,83.88,NA
"14227","FRCH",2019-09-24 20:15:00,687.427442043326,"2019-09-24",103.251384024661,83.9,28.564,28.87,0.56466875,2019-09-24 20:15:00,687.427442043326,28.87,103.251384024661,83.9,28.564
"14228","FRCH",2019-09-24 20:30:00,687.413124889357,"2019-09-24",103.616309919626,83.9,33.708,28.8425,0.55939375,2019-09-24 20:30:00,687.413124889357,28.8425,103.616309919626,83.9,33.708
"14229","FRCH",2019-09-24 20:45:00,685.529942944858,"2019-09-24",96.5570076172744,84,30.366,28.858125,NA,2019-09-24 20:45:00,685.529942944858,28.858125,96.5570076172744,84,30.366
"14230","FRCH",2019-09-24 21:00:00,686.27748886107,"2019-09-24",103.336065342956,84,27.996,28.900625,0.5620375,2019-09-24 21:00:00,686.27748886107,28.900625,103.336065342956,84,27.996
"14231","FRCH",2019-09-24 21:15:00,685.649761546238,"2019-09-24",102.954139577998,84,26.964,28.919375,0.560275,2019-09-24 21:15:00,685.649761546238,28.919375,102.954139577998,84,26.964
"14232","FRCH",2019-09-24 21:30:00,683.752262447771,"2019-09-24",101.97829043437,84,29.172,28.869375,0.5574,2019-09-24 21:30:00,683.752262447771,28.869375,101.97829043437,84,29.172
"14233","FRCH",2019-09-24 21:45:00,683.124535132938,"2019-09-24",101.927857485104,84,27.536,28.904375,0.5578625,2019-09-24 21:45:00,683.124535132938,28.904375,101.927857485104,84,27.536
"14234","FRCH",2019-09-24 22:00:00,684.768079874678,"2019-09-24",102.369654347872,84.1,29.544,29.00375,0.56333125,2019-09-24 22:00:00,684.768079874678,29.00375,102.369654347872,84.1,29.544
"14235","FRCH",2019-09-24 22:15:00,683.124535132938,"2019-09-24",95.1025096468904,84.1,27.828,28.925,NA,2019-09-24 22:15:00,683.124535132938,28.925,95.1025096468904,84.1,27.828
"14236","FRCH",2019-09-24 22:30:00,683.124535132938,"2019-09-24",101.986741953918,84.1,28.22,28.948125,0.55398125,2019-09-24 22:30:00,683.124535132938,28.948125,101.986741953918,84.1,28.22
"14237","FRCH",2019-09-24 22:45:00,683.378489489665,"2019-09-24",102.082242518071,84.1,30.048,29.01,0.55621875,2019-09-24 22:45:00,683.378489489665,29.01,102.082242518071,84.1,30.048
