"","site.ID","datetimeAK","Q","day","fDOM","SPC","Turb","NO3","DateTime","MeanDischarge","nitrateuM","fDOM.QSU.mn","SpCond.uScm.mn","Turbidity.FNU.mn"
"1","STRT",2019-08-13 05:30:00,3201.71736147474,2019-08-13,66.1790909090909,104.654545454545,11.5227272727273,22.3976288448095,2019-08-13 05:30:00,3201.71736147474,22.3976288448095,66.1790909090909,104.654545454545,11.5227272727273
"2","STRT",2019-08-13 05:45:00,3190.45773017809,2019-08-13,66.1481818181818,104.581818181818,13.4618181818182,22.3501168016607,2019-08-13 05:45:00,3190.45773017809,22.3501168016607,66.1481818181818,104.581818181818,13.4618181818182
"3","STRT",2019-08-13 06:00:00,3209.22378233917,2019-08-13,66.0427272727273,104.454545454545,12.2890909090909,22.2979694372289,2019-08-13 06:00:00,3209.22378233917,22.2979694372289,66.0427272727273,104.454545454545,12.2890909090909
"4","STRT",2019-08-13 06:15:00,3205.47057190695,2019-08-13,66.1654545454546,104.372727272727,12.9718181818182,22.2869605491822,2019-08-13 06:15:00,3205.47057190695,22.2869605491822,66.1654545454546,104.372727272727,12.9718181818182
"5","STRT",2019-08-13 06:30:00,3212.97699277139,2019-08-13,65.7409090909091,104.272727272727,12.9481818181818,22.2811663975788,2019-08-13 06:30:00,3212.97699277139,22.2811663975788,65.7409090909091,104.272727272727,12.9481818181818
"6","STRT",2019-08-13 06:45:00,3216.7302032036,2019-08-13,66.4463636363636,104.181818181818,11.9418181818182,22.2539338850422,2019-08-13 06:45:00,3216.7302032036,22.2539338850422,66.4463636363636,104.181818181818,11.9418181818182
"7","STRT",2019-08-13 07:00:00,3216.7302032036,2019-08-13,66.3527272727273,104.172727272727,12.8781818181818,22.2539338850422,2019-08-13 07:00:00,3216.7302032036,22.2539338850422,66.3527272727273,104.172727272727,12.8781818181818
"8","STRT",2019-08-13 07:15:00,3239.2494657969,2019-08-13,66.3654545454545,104.072727272727,14.6218181818182,22.2145336541383,2019-08-13 07:15:00,3239.2494657969,22.2145336541383,66.3654545454545,104.072727272727,14.6218181818182
"9","STRT",2019-08-13 07:30:00,3254.26230752576,2019-08-13,66.5709090909091,104.072727272727,11.9181818181818,22.2064218418933,2019-08-13 07:30:00,3254.26230752576,22.2064218418933,66.5709090909091,104.072727272727,11.9181818181818
"10","STRT",2019-08-13 07:45:00,3258.01551795798,2019-08-13,66.8081818181818,104.063636363636,12.7109090909091,22.2000482751295,2019-08-13 07:45:00,3258.01551795798,22.2000482751295,66.8081818181818,104.063636363636,12.7109090909091
"11","STRT",2019-08-13 08:00:00,3273.02835968684,2019-08-13,66.8572727272727,103.945454545455,11.9518181818182,22.2249631270246,2019-08-13 08:00:00,3273.02835968684,22.2249631270246,66.8572727272727,103.945454545455,11.9518181818182
"12","STRT",2019-08-13 08:15:00,3288.04120141571,2019-08-13,66.8027272727273,103.863636363636,13.5063636363636,22.1786099141965,2019-08-13 08:15:00,3288.04120141571,22.1786099141965,66.8027272727273,103.863636363636,13.5063636363636
"13","STRT",2019-08-13 08:30:00,3306.80725357679,2019-08-13,67.15,103.772727272727,13.2645454545455,22.1600686290652,2019-08-13 08:30:00,3306.80725357679,22.1600686290652,67.15,103.772727272727,13.2645454545455
"14","STRT",2019-08-13 08:45:00,3318.06688487344,2019-08-13,67.22,103.590909090909,19.58,22.1264625497648,2019-08-13 08:45:00,3318.06688487344,22.1264625497648,67.22,103.590909090909,19.58
"15","STRT",2019-08-13 09:00:00,3333.0797266023,2019-08-13,67.17,103.472727272727,16.1154545454545,22.0650445427675,2019-08-13 09:00:00,3333.0797266023,22.0650445427675,67.17,103.472727272727,16.1154545454545
"16","STRT",2019-08-13 09:15:00,3344.33935789895,2019-08-13,67.42,103.354545454545,18.7609090909091,22.0441855969948,2019-08-13 09:15:00,3344.33935789895,22.0441855969948,67.42,103.354545454545,18.7609090909091
"17","STRT",2019-08-13 09:30:00,3355.5989891956,2019-08-13,67.5672727272727,103.172727272727,23.4909090909091,21.9734969474318,2019-08-13 09:30:00,3355.5989891956,21.9734969474318,67.5672727272727,103.172727272727,23.4909090909091
"18","STRT",2019-08-13 09:45:00,3385.62467265333,2019-08-13,67.6854545454545,102.981818181818,20.4736363636364,21.9161348465571,2019-08-13 09:45:00,3385.62467265333,21.9161348465571,67.6854545454545,102.981818181818,20.4736363636364
"19","STRT",2019-08-13 10:00:00,3381.87146222111,2019-08-13,67.6072727272727,102.772727272727,19.3909090909091,21.7927194174021,2019-08-13 10:00:00,3381.87146222111,21.7927194174021,67.6072727272727,102.772727272727,19.3909090909091
"20","STRT",2019-08-13 10:15:00,3400.63751438219,2019-08-13,68.1854545454545,102.563636363636,22.8345454545455,21.6409126453898,2019-08-13 10:15:00,3400.63751438219,21.6409126453898,68.1854545454545,102.563636363636,22.8345454545455
"21","STRT",2019-08-13 10:30:00,3415.65035611106,2019-08-13,68.9527272727273,102.345454545455,23.6518181818182,21.5030118372261,2019-08-13 10:30:00,3415.65035611106,21.5030118372261,68.9527272727273,102.345454545455,23.6518181818182
"22","STRT",2019-08-13 10:45:00,3419.40356654327,2019-08-13,69.6945454545454,101.981818181818,22.6454545454545,21.3419344226483,2019-08-13 10:45:00,3419.40356654327,21.3419344226483,69.6945454545454,101.981818181818,22.6454545454545
"23","STRT",2019-08-13 11:00:00,3464.44209172987,2019-08-13,70.1209090909091,101.654545454545,25.7163636363636,21.1692687048634,2019-08-13 11:00:00,3464.44209172987,21.1692687048634,70.1209090909091,101.654545454545,25.7163636363636
"24","STRT",2019-08-13 11:15:00,3501.97419605203,2019-08-13,70.8563636363636,101.245454545455,23.9218181818182,21.0226766692944,2019-08-13 11:15:00,3501.97419605203,21.0226766692944,70.8563636363636,101.245454545455,23.9218181818182
"25","STRT",2019-08-13 11:30:00,3505.72740648424,2019-08-13,71.72,100.854545454545,27.1890909090909,20.8824582004892,2019-08-13 11:30:00,3505.72740648424,20.8824582004892,71.72,100.854545454545,27.1890909090909
"26","STRT",2019-08-13 11:45:00,3528.24666907754,2019-08-13,72.2409090909091,100.472727272727,26.7681818181818,20.7630986774567,2019-08-13 11:45:00,3528.24666907754,20.7630986774567,72.2409090909091,100.472727272727,26.7681818181818
"27","STRT",2019-08-13 12:00:00,3535.75308994197,2019-08-13,73.0909090909091,100.145454545455,31.1245454545455,20.6831393853282,2019-08-13 12:00:00,3535.75308994197,20.6831393853282,73.0909090909091,100.145454545455,31.1245454545455
"28","STRT",2019-08-13 12:15:00,3580.79161512857,2019-08-13,74.0845454545454,99.7727272727273,31.1854545454545,20.5765269958234,2019-08-13 12:15:00,3580.79161512857,20.5765269958234,74.0845454545454,99.7727272727273,31.1854545454545
"29","STRT",2019-08-13 12:30:00,3603.31087772186,2019-08-13,74.7990909090909,99.4545454545455,37.1081818181818,20.5064177614208,2019-08-13 12:30:00,3603.31087772186,20.5064177614208,74.7990909090909,99.4545454545455,37.1081818181818
"30","STRT",2019-08-13 12:45:00,3622.07692988294,2019-08-13,75.6536363636364,98.9636363636364,37.0436363636364,20.3963288809539,2019-08-13 12:45:00,3622.07692988294,20.3963288809539,75.6536363636364,98.9636363636364,37.0436363636364
"31","STRT",2019-08-13 13:00:00,3644.59619247624,2019-08-13,76.6672727272727,98.5636363636364,34.1018181818182,20.3111548523822,2019-08-13 13:00:00,3644.59619247624,20.3111548523822,76.6672727272727,98.5636363636364,34.1018181818182
"32","STRT",2019-08-13 13:15:00,3652.10261334067,2019-08-13,77.7118181818182,98.0818181818182,40.3809090909091,20.1981688961136,2019-08-13 13:15:00,3652.10261334067,20.1981688961136,77.7118181818182,98.0818181818182,40.3809090909091
"33","STRT",2019-08-13 13:30:00,3700.89434895948,2019-08-13,78.5554545454545,97.6545454545455,38.2418181818182,20.0979300733727,2019-08-13 13:30:00,3700.89434895948,20.0979300733727,78.5554545454545,97.6545454545455,38.2418181818182
"34","STRT",2019-08-13 13:45:00,3712.15398025613,2019-08-13,79.5772727272727,97.2090909090909,42.5163636363636,20.0220266873667,2019-08-13 13:45:00,3712.15398025613,20.0220266873667,79.5772727272727,97.2090909090909,42.5163636363636
"35","STRT",2019-08-13 14:00:00,3764.69892630715,2019-08-13,80.8263636363636,96.7727272727273,42.2118181818182,19.8916582762875,2019-08-13 14:00:00,3764.69892630715,19.8916582762875,80.8263636363636,96.7727272727273,42.2118181818182
"36","STRT",2019-08-13 14:15:00,3768.45213673937,2019-08-13,81.3245454545455,96.3727272727273,39.7336363636364,19.7659251864911,2019-08-13 14:15:00,3768.45213673937,19.7659251864911,81.3245454545455,96.3727272727273,39.7336363636364
"37","STRT",2019-08-13 14:30:00,3798.4778201971,2019-08-13,81.9645454545455,95.9727272727273,43.2463636363636,19.6680040243916,2019-08-13 14:30:00,3798.4778201971,19.6680040243916,81.9645454545455,95.9727272727273,43.2463636363636
"38","STRT",2019-08-13 14:45:00,3809.73745149375,2019-08-13,83.1318181818182,95.4909090909091,47.8545454545455,19.5718211077732,2019-08-13 14:45:00,3809.73745149375,19.5718211077732,83.1318181818182,95.4909090909091,47.8545454545455
"39","STRT",2019-08-13 15:00:00,3873.54202884142,2019-08-13,84.1427272727273,95.0636363636364,41.9518181818182,19.45130275442,2019-08-13 15:00:00,3873.54202884142,19.45130275442,84.1427272727273,95.0636363636364,41.9518181818182
"40","STRT",2019-08-13 15:15:00,3862.28239754477,2019-08-13,84.1372727272727,94.6545454545455,49.4772727272727,19.3539610074809,2019-08-13 15:15:00,3862.28239754477,19.3539610074809,84.1372727272727,94.6545454545455,49.4772727272727
"41","STRT",2019-08-13 15:30:00,3933.59339575688,2019-08-13,85.0718181818182,94.2454545454545,45.4772727272727,19.2508251089383,2019-08-13 15:30:00,3933.59339575688,19.2508251089383,85.0718181818182,94.2454545454545,45.4772727272727
"42","STRT",2019-08-13 15:45:00,3918.58055402801,2019-08-13,85.7709090909091,93.7636363636364,52.9263636363636,19.1801364593753,2019-08-13 15:45:00,3918.58055402801,19.1801364593753,85.7709090909091,93.7636363636364,52.9263636363636
"43","STRT",2019-08-13 16:00:00,3952.35944791796,2019-08-13,86.2345454545455,93.3727272727273,51.8418181818182,19.046291557334,2019-08-13 16:00:00,3952.35944791796,19.046291557334,86.2345454545455,93.3727272727273,51.8418181818182
"44","STRT",2019-08-13 16:15:00,3982.38513137569,2019-08-13,86.4609090909091,92.9727272727273,50.8890909090909,18.9356232617068,2019-08-13 16:15:00,3982.38513137569,18.9356232617068,86.4609090909091,92.9727272727273,50.8890909090909
"45","STRT",2019-08-13 16:30:00,4001.15118353677,2019-08-13,86.4663636363636,92.4818181818182,56.0927272727273,18.8718875940681,2019-08-13 16:30:00,4001.15118353677,18.8718875940681,86.4663636363636,92.4818181818182,56.0927272727273
"46","STRT",2019-08-13 16:45:00,4012.41081483342,2019-08-13,86.1154545454545,91.9818181818182,56.4836363636364,18.7264543888198,2019-08-13 16:45:00,4012.41081483342,18.7264543888198,86.1154545454545,91.9818181818182,56.4836363636364
"47","STRT",2019-08-13 17:00:00,4061.20255045223,2019-08-13,85.7818181818182,91.5545454545454,58.4336363636364,18.6546069089361,2019-08-13 17:00:00,4061.20255045223,18.6546069089361,85.7818181818182,91.5545454545454,58.4336363636364
"48","STRT",2019-08-13 17:15:00,4076.21539218109,2019-08-13,84.7527272727273,91.0272727272727,63.9463636363636,18.5271355736587,2019-08-13 17:15:00,4076.21539218109,18.5271355736587,84.7527272727273,91.0272727272727,63.9463636363636
"49","STRT",2019-08-13 17:30:00,4102.4878652066,2019-08-13,84.71,90.4636363636364,62.1054545454545,18.3990848232209,2019-08-13 17:30:00,4102.4878652066,18.3990848232209,84.71,90.4636363636364,62.1054545454545
"50","STRT",2019-08-13 17:45:00,4136.26675909655,2019-08-13,83.9509090909091,89.9545454545455,68.8772727272727,18.2548104482933,2019-08-13 17:45:00,4136.26675909655,18.2548104482933,83.9509090909091,89.9545454545455,68.8772727272727
"51","STRT",2019-08-13 18:00:00,4185.05849471536,2019-08-13,83.6027272727273,89.3545454545455,74.0827272727273,18.1789070622872,2019-08-13 18:00:00,4185.05849471536,18.1789070622872,83.6027272727273,89.3545454545455,74.0827272727273
"52","STRT",2019-08-13 18:15:00,4215.08417817309,2019-08-13,83.23,88.7545454545455,74.0909090909091,18.0751917485842,2019-08-13 18:15:00,4215.08417817309,18.0751917485842,83.23,88.7545454545455,74.0909090909091
"53","STRT",2019-08-13 18:30:00,4233.85023033417,2019-08-13,82.1981818181818,88.1636363636364,86.3054545454546,17.9627852074759,2019-08-13 18:30:00,4233.85023033417,17.9627852074759,82.1981818181818,88.1636363636364,86.3054545454546
"54","STRT",2019-08-13 18:45:00,4260.12270335968,2019-08-13,81.7890909090909,87.4727272727273,90.9090909090909,17.8109784354638,2019-08-13 18:45:00,4260.12270335968,17.8109784354638,81.7890909090909,87.4727272727273,90.9090909090909
"55","STRT",2019-08-13 19:00:00,4263.8759137919,2019-08-13,80.7054545454545,86.8727272727273,93.1109090909091,17.7333368039766,2019-08-13 19:00:00,4263.8759137919,17.7333368039766,80.7054545454545,86.8727272727273,93.1109090909091
"56","STRT",2019-08-13 19:15:00,4316.42085984292,2019-08-13,80.3554545454545,86.2454545454545,97.9318181818182,17.5653064074745,2019-08-13 19:15:00,4316.42085984292,17.5653064074745,80.3554545454545,86.2454545454545,97.9318181818182
"57","STRT",2019-08-13 19:30:00,4402.74469978389,2019-08-13,80.1781818181818,85.5727272727273,98.1727272727273,17.353819873946,2019-08-13 19:30:00,4402.74469978389,17.353819873946,80.1781818181818,85.5727272727273,98.1727272727273
"58","STRT",2019-08-13 19:45:00,4466.54927713157,2019-08-13,79.6490909090909,85.3454545454545,100.332727272727,17.1637717013506,2019-08-13 19:45:00,4466.54927713157,17.1637717013506,79.6490909090909,85.3454545454545,100.332727272727
"59","STRT",2019-08-13 20:00:00,4447.78322497049,2019-08-13,80.2663636363636,84.8545454545455,122.339090909091,16.937220373653,2019-08-13 20:00:00,4447.78322497049,16.937220373653,80.2663636363636,84.8545454545455,122.339090909091
"60","STRT",2019-08-13 20:15:00,4485.31532929265,2019-08-13,80.6709090909091,83.8454545454545,136.854545454545,16.7303691614074,2019-08-13 20:15:00,4485.31532929265,16.7303691614074,80.6709090909091,83.8454545454545,136.854545454545
"61","STRT",2019-08-13 20:30:00,4530.35385447924,2019-08-13,80.2027272727273,82.9909090909091,238.618181818182,16.4568852057213,2019-08-13 20:30:00,4530.35385447924,16.4568852057213,80.2027272727273,82.9909090909091,238.618181818182
"62","STRT",2019-08-13 20:45:00,4582.89880053027,2019-08-13,80.9827272727273,82.2727272727273,109.589090909091,16.3334697765664,2019-08-13 20:45:00,4582.89880053027,16.3334697765664,80.9827272727273,82.2727272727273,109.589090909091
"63","STRT",2019-08-13 21:00:00,4594.15843182692,2019-08-13,80.9436363636364,81.5,109.247272727273,16.051294593475,2019-08-13 21:00:00,4594.15843182692,16.051294593475,80.9436363636364,81.5,109.247272727273
"64","STRT",2019-08-13 21:15:00,4635.44374658129,2019-08-13,81.1136363636364,80.7818181818182,108.398181818182,15.8409668902672,2019-08-13 21:15:00,4635.44374658129,15.8409668902672,81.1136363636364,80.7818181818182,108.398181818182
"65","STRT",2019-08-13 21:30:00,4672.97585090345,2019-08-13,81.2018181818182,80.1727272727273,117.22,15.470141187642,2019-08-13 21:30:00,4672.97585090345,15.470141187642,81.2018181818182,80.1727272727273,117.22
"66","STRT",2019-08-13 21:45:00,4687.98869263232,2019-08-13,82.0572727272727,79.8090909090909,113.728181818182,NA,2019-08-13 21:45:00,4687.98869263232,NA,82.0572727272727,79.8090909090909,113.728181818182
"67","STRT",2019-08-13 22:00:00,4744.28684911556,2019-08-13,82.2727272727273,78.9727272727273,115.993636363636,15.1485657736467,2019-08-13 22:00:00,4744.28684911556,15.1485657736467,82.2727272727273,78.9727272727273,115.993636363636
"68","STRT",2019-08-13 22:15:00,4627.93732571686,2019-08-13,81.4654545454545,77.4,122.08,15.0205150232089,2019-08-13 22:15:00,4627.93732571686,15.0205150232089,81.4654545454545,77.4,122.08
"69","STRT",2019-08-13 22:30:00,4556.62632750475,2019-08-13,84.5218181818182,76.7818181818182,117.245454545455,14.8843524605262,2019-08-13 22:30:00,4556.62632750475,14.8843524605262,84.5218181818182,76.7818181818182,117.245454545455
"70","STRT",2019-08-13 22:45:00,4635.44374658129,2019-08-13,85.1363636363636,75.7727272727273,106.378181818182,14.7505075584849,2019-08-13 22:45:00,4635.44374658129,14.7505075584849,85.1363636363636,75.7727272727273,106.378181818182
"71","STRT",2019-08-13 23:00:00,4620.43090485243,2019-08-13,85.9209090909091,75.1727272727273,108.434545454545,14.7794783165025,2019-08-13 23:00:00,4620.43090485243,14.7794783165025,85.9209090909091,75.1727272727273,108.434545454545
"72","STRT",2019-08-13 23:15:00,4657.96300917459,2019-08-13,86.1618181818182,74.4636363636364,109.285454545455,14.6212979777264,2019-08-13 23:15:00,4657.96300917459,14.6212979777264,86.1618181818182,74.4636363636364,109.285454545455
"73","STRT",2019-08-13 23:30:00,4710.50795522561,2019-08-13,86.4736363636364,73.3545454545455,108.367272727273,14.5755241800586,2019-08-13 23:30:00,4710.50795522561,14.5755241800586,86.4736363636364,73.3545454545455,108.367272727273
"74","STRT",2019-08-13 23:45:00,4710.50795522561,2019-08-13,87.6581818181818,72.5727272727273,108.649090909091,14.5413386855979,2019-08-13 23:45:00,4710.50795522561,14.5413386855979,87.6581818181818,72.5727272727273,108.649090909091
"75","STRT",2019-08-14 00:00:00,4733.02721781891,2019-08-14,88.3054545454545,71.9636363636364,108.22,14.4805000937609,2019-08-14 00:00:00,4733.02721781891,14.4805000937609,88.3054545454545,71.9636363636364,108.22
"76","STRT",2019-08-14 00:15:00,4710.50795522561,2019-08-14,88.1863636363636,71.4090909090909,108.670909090909,NA,2019-08-14 00:15:00,4710.50795522561,NA,88.1863636363636,71.4090909090909,108.670909090909
"77","STRT",2019-08-14 00:30:00,4755.54648041221,2019-08-14,88.5009090909091,71,107.804545454545,NA,2019-08-14 00:30:00,4755.54648041221,NA,88.5009090909091,71,107.804545454545
"78","STRT",2019-08-14 00:45:00,4789.32537430215,2019-08-14,88.4809090909091,70.5636363636364,114.949090909091,NA,2019-08-14 00:45:00,4789.32537430215,NA,88.4809090909091,70.5636363636364,114.949090909091
"79","STRT",2019-08-14 01:00:00,4811.84463689545,2019-08-14,88.8990909090909,69.9636363636364,110.308181818182,NA,2019-08-14 01:00:00,4811.84463689545,NA,88.8990909090909,69.9636363636364,110.308181818182
"80","STRT",2019-08-14 01:15:00,4853.12995164983,2019-08-14,88.2136363636364,69.6454545454545,115.861818181818,NA,2019-08-14 01:15:00,4853.12995164983,NA,88.2136363636364,69.6454545454545,115.861818181818
"81","STRT",2019-08-14 01:30:00,4804.33821603102,2019-08-14,88.77,69.1545454545455,119.964545454545,NA,2019-08-14 01:30:00,4804.33821603102,NA,88.77,69.1545454545455,119.964545454545
"82","STRT",2019-08-14 01:45:00,4920.68773942972,2019-08-14,89.0263636363636,68.9545454545455,111.796363636364,NA,2019-08-14 01:45:00,4920.68773942972,NA,89.0263636363636,68.9545454545455,111.796363636364
"83","STRT",2019-08-14 02:00:00,4901.92168726864,2019-08-14,89.1363636363636,68.6545454545455,118.098181818182,NA,2019-08-14 02:00:00,4901.92168726864,NA,89.1363636363636,68.6545454545455,118.098181818182
"84","STRT",2019-08-14 02:15:00,4868.14279337869,2019-08-14,88.9045454545455,68.6454545454545,119.37,NA,2019-08-14 02:15:00,4868.14279337869,NA,88.9045454545455,68.6454545454545,119.37
"85","STRT",2019-08-14 02:30:00,4856.88316208204,2019-08-14,88.93,68.4636363636364,112.951818181818,NA,2019-08-14 02:30:00,4856.88316208204,NA,88.93,68.4636363636364,112.951818181818
"86","STRT",2019-08-14 02:45:00,4864.38958294647,2019-08-14,89.4,68.2636363636364,121.474545454545,NA,2019-08-14 02:45:00,4864.38958294647,NA,89.4,68.2636363636364,121.474545454545
"87","STRT",2019-08-14 03:00:00,4898.16847683642,2019-08-14,89.7981818181818,68.2,110.950909090909,NA,2019-08-14 03:00:00,4898.16847683642,NA,89.7981818181818,68.2,110.950909090909
"88","STRT",2019-08-14 03:15:00,4894.4152664042,2019-08-14,90.2527272727273,68.2636363636364,109.93,NA,2019-08-14 03:15:00,4894.4152664042,NA,90.2527272727273,68.2636363636364,109.93
"89","STRT",2019-08-14 03:30:00,4898.16847683642,2019-08-14,90.2163636363636,68.2,108.911818181818,NA,2019-08-14 03:30:00,4898.16847683642,NA,90.2163636363636,68.2,108.911818181818
"90","STRT",2019-08-14 03:45:00,4924.44094986193,2019-08-14,90.3527272727273,68.0454545454545,107.901818181818,NA,2019-08-14 03:45:00,4924.44094986193,NA,90.3527272727273,68.0454545454545,107.901818181818
"91","STRT",2019-08-14 04:00:00,4898.16847683642,2019-08-14,90.5681818181818,67.6545454545455,107.811818181818,NA,2019-08-14 04:00:00,4898.16847683642,NA,90.5681818181818,67.6545454545455,107.811818181818
"92","STRT",2019-08-14 04:15:00,4905.67489770085,2019-08-14,90.7072727272727,67.8727272727273,109.359090909091,NA,2019-08-14 04:15:00,4905.67489770085,NA,90.7072727272727,67.8727272727273,109.359090909091
"93","STRT",2019-08-14 04:30:00,4890.66205597199,2019-08-14,90.8190909090909,67.5,146.009090909091,NA,2019-08-14 04:30:00,4890.66205597199,NA,90.8190909090909,67.5,146.009090909091
"94","STRT",2019-08-14 04:45:00,4988.24552720961,2019-08-14,90.8927272727273,67.3636363636364,99.6045454545455,NA,2019-08-14 04:45:00,4988.24552720961,NA,90.8927272727273,67.3636363636364,99.6045454545455
"95","STRT",2019-08-14 05:00:00,4913.18131856528,2019-08-14,91.1381818181818,66.8909090909091,117.645454545455,NA,2019-08-14 05:00:00,4913.18131856528,NA,91.1381818181818,66.8909090909091,117.645454545455
"96","STRT",2019-08-14 05:15:00,4913.18131856528,2019-08-14,91.2372727272727,66.7545454545455,105.179090909091,NA,2019-08-14 05:15:00,4913.18131856528,NA,91.2372727272727,66.7545454545455,105.179090909091
"97","STRT",2019-08-14 05:30:00,4935.70058115858,2019-08-14,91.5836363636364,66.5454545454545,98.2736363636364,NA,2019-08-14 05:30:00,4935.70058115858,NA,91.5836363636364,66.5454545454545,98.2736363636364
"98","STRT",2019-08-14 05:45:00,4879.40242467534,2019-08-14,91.9172727272727,66.2727272727273,102.176363636364,NA,2019-08-14 05:45:00,4879.40242467534,NA,91.9172727272727,66.2727272727273,102.176363636364
"99","STRT",2019-08-14 06:00:00,4939.4537915908,2019-08-14,92.0472727272727,66.1636363636364,100.458181818182,NA,2019-08-14 06:00:00,4939.4537915908,NA,92.0472727272727,66.1636363636364,100.458181818182
"100","STRT",2019-08-14 06:15:00,4894.4152664042,2019-08-14,92.3254545454545,65.9545454545455,96.5827272727273,NA,2019-08-14 06:15:00,4894.4152664042,NA,92.3254545454545,65.9545454545455,96.5827272727273
"101","STRT",2019-08-14 06:30:00,4886.90884553977,2019-08-14,92.7781818181818,65.7454545454545,91.9127272727273,NA,2019-08-14 06:30:00,4886.90884553977,NA,92.7781818181818,65.7454545454545,91.9127272727273
"102","STRT",2019-08-14 06:45:00,4879.40242467534,2019-08-14,93.0581818181818,65.6636363636364,90.7509090909091,NA,2019-08-14 06:45:00,4879.40242467534,NA,93.0581818181818,65.6636363636364,90.7509090909091
"103","STRT",2019-08-14 07:00:00,4823.1042681921,2019-08-14,93.2918181818182,65.5454545454545,90.5245454545454,NA,2019-08-14 07:00:00,4823.1042681921,NA,93.2918181818182,65.5454545454545,90.5245454545454
"104","STRT",2019-08-14 07:15:00,4913.18131856528,2019-08-14,93.7745454545455,65.4818181818182,86.17,NA,2019-08-14 07:15:00,4913.18131856528,NA,93.7745454545455,65.4818181818182,86.17
"105","STRT",2019-08-14 07:30:00,4875.64921424312,2019-08-14,94.0845454545454,65.5545454545454,88.3,NA,2019-08-14 07:30:00,4875.64921424312,NA,94.0845454545454,65.5545454545454,88.3
"106","STRT",2019-08-14 07:45:00,4868.14279337869,2019-08-14,94.0236363636364,65.5909090909091,86.2754545454546,16.051294593475,2019-08-14 07:45:00,4868.14279337869,16.051294593475,94.0236363636364,65.5909090909091,86.2754545454546
"107","STRT",2019-08-14 08:00:00,4853.12995164983,2019-08-14,95.2318181818182,65.7727272727273,82.7627272727273,NA,2019-08-14 08:00:00,4853.12995164983,NA,95.2318181818182,65.7727272727273,82.7627272727273
"108","STRT",2019-08-14 08:15:00,4834.36389948875,2019-08-14,95.2909090909091,65.8727272727273,86.1972727272727,15.8687788179642,2019-08-14 08:15:00,4834.36389948875,15.8687788179642,95.2909090909091,65.8727272727273,86.1972727272727
"109","STRT",2019-08-14 08:30:00,4853.12995164983,2019-08-14,96.4854545454545,66.0909090909091,75.4954545454545,NA,2019-08-14 08:30:00,4853.12995164983,NA,96.4854545454545,66.0909090909091,75.4954545454545
"110","STRT",2019-08-14 08:45:00,4853.12995164983,2019-08-14,96.7709090909091,66.4727272727273,74.7063636363636,15.5802300681089,2019-08-14 08:45:00,4853.12995164983,15.5802300681089,96.7709090909091,66.4727272727273,74.7063636363636
"111","STRT",2019-08-14 09:00:00,4834.36389948875,2019-08-14,97.3236363636364,66.5818181818182,187.828181818182,15.7227661975555,2019-08-14 09:00:00,4834.36389948875,15.7227661975555,97.3236363636364,66.5818181818182,187.828181818182
"112","STRT",2019-08-14 09:15:00,4778.0657430055,2019-08-14,97.8527272727273,66.7,79.3463636363636,15.7082808185466,2019-08-14 09:15:00,4778.0657430055,15.7082808185466,97.8527272727273,66.7,79.3463636363636
"113","STRT",2019-08-14 09:30:00,4789.32537430215,2019-08-14,98.8572727272727,66.8727272727273,98.0363636363636,15.9052819730663,2019-08-14 09:30:00,4789.32537430215,15.9052819730663,98.8572727272727,66.8727272727273,98.0363636363636
"114","STRT",2019-08-14 09:45:00,4759.29969084442,2019-08-14,99.1309090909091,67.0727272727273,111.281818181818,NA,2019-08-14 09:45:00,4759.29969084442,NA,99.1309090909091,67.0727272727273,111.281818181818
"115","STRT",2019-08-14 10:00:00,4729.2740073867,2019-08-14,99.5727272727273,67.1818181818182,190.41,16.0970683911427,2019-08-14 10:00:00,4729.2740073867,16.0970683911427,99.5727272727273,67.1818181818182,190.41
"116","STRT",2019-08-14 10:15:00,4785.57216386994,2019-08-14,100.121818181818,67.3909090909091,90.4018181818182,16.178186513592,2019-08-14 10:15:00,4785.57216386994,16.178186513592,100.121818181818,67.3909090909091,90.4018181818182
"117","STRT",2019-08-14 10:30:00,4774.31253257329,2019-08-14,100.871818181818,67.6545454545455,105.786363636364,16.3079755095108,2019-08-14 10:30:00,4774.31253257329,16.3079755095108,100.871818181818,67.6545454545455,105.786363636364
"118","STRT",2019-08-14 10:45:00,4736.78042825113,2019-08-14,101.109090909091,67.7909090909091,121.86,16.510770815634,2019-08-14 10:45:00,4736.78042825113,16.510770815634,101.109090909091,67.7909090909091,121.86
"119","STRT",2019-08-14 11:00:00,4695.49511349675,2019-08-14,101.348181818182,67.9818181818182,110.990909090909,16.6562040208823,2019-08-14 11:00:00,4695.49511349675,16.6562040208823,101.348181818182,67.9818181818182,110.990909090909
"120","STRT",2019-08-14 11:15:00,4725.52079695448,2019-08-14,101.892727272727,68.1545454545455,150.15,16.686913024381,2019-08-14 11:15:00,4725.52079695448,16.686913024381,101.892727272727,68.1545454545455,150.15
"121","STRT",2019-08-14 11:30:00,4661.71621960681,2019-08-14,101.954545454545,68.3090909090909,453.241818181818,16.872905290854,2019-08-14 11:30:00,4661.71621960681,16.872905290854,101.954545454545,68.3090909090909,453.241818181818
"122","STRT",2019-08-14 11:45:00,4657.96300917459,2019-08-14,102.624545454545,68.5636363636364,230.432727272727,17.0218149870644,2019-08-14 11:45:00,4657.96300917459,17.0218149870644,102.624545454545,68.5636363636364,230.432727272727
"123","STRT",2019-08-14 12:00:00,4672.97585090345,2019-08-14,103.052727272727,68.8818181818182,133.640909090909,17.1562393042661,2019-08-14 12:00:00,4672.97585090345,17.1562393042661,103.052727272727,68.8818181818182,133.640909090909
"124","STRT",2019-08-14 12:15:00,4661.71621960681,2019-08-14,103.434545454545,69.0727272727273,195.193636363636,17.2947195275902,2019-08-14 12:15:00,4661.71621960681,17.2947195275902,103.434545454545,69.0727272727273,195.193636363636
"125","STRT",2019-08-14 12:30:00,4612.924483988,2019-08-14,103.557272727273,69.2909090909091,271.190909090909,17.5485033678243,2019-08-14 12:30:00,4612.924483988,17.5485033678243,103.557272727273,69.2909090909091,271.190909090909
"126","STRT",2019-08-14 12:45:00,4575.39237966583,2019-08-14,104.012727272727,69.4545454545455,89.8581818181818,17.6887218366295,2019-08-14 12:45:00,4575.39237966583,17.6887218366295,104.012727272727,69.4545454545455,89.8581818181818
"127","STRT",2019-08-14 13:00:00,4567.8859588014,2019-08-14,104.529090909091,69.6818181818182,225.321818181818,17.8445845147641,2019-08-14 13:00:00,4567.8859588014,17.8445845147641,104.529090909091,69.6818181818182,225.321818181818
"128","STRT",2019-08-14 13:15:00,4571.63916923362,2019-08-14,104.490909090909,69.9636363636364,244.190909090909,18.1244420372141,2019-08-14 13:15:00,4571.63916923362,18.1244420372141,104.490909090909,69.9636363636364,244.190909090909
"129","STRT",2019-08-14 13:30:00,4609.17127355578,2019-08-14,104.851818181818,70.2545454545455,263.323636363636,18.2397456541241,2019-08-14 13:30:00,4609.17127355578,18.2397456541241,104.851818181818,70.2545454545455,263.323636363636
"130","STRT",2019-08-14 13:45:00,4571.63916923362,2019-08-14,105.063636363636,70.4545454545455,1154.07,18.3938700867778,2019-08-14 13:45:00,4571.63916923362,18.3938700867778,105.063636363636,70.4545454545455,1154.07
"131","STRT",2019-08-14 14:00:00,4522.84743361481,2019-08-14,105.129090909091,70.6818181818182,407.906363636364,18.6233184902771,2019-08-14 14:00:00,4522.84743361481,18.6233184902771,105.129090909091,70.6818181818182,407.906363636364
"132","STRT",2019-08-14 14:15:00,4515.34101275038,2019-08-14,105.29,70.8909090909091,366.313636363636,18.7310897101026,2019-08-14 14:15:00,4515.34101275038,18.7310897101026,105.29,70.8909090909091,366.313636363636
"133","STRT",2019-08-14 14:30:00,4481.56211886043,2019-08-14,105.325454545455,71.1272727272727,213.651818181818,18.9338850162257,2019-08-14 14:30:00,4481.56211886043,18.9338850162257,105.325454545455,71.1272727272727,213.651818181818
"134","STRT",2019-08-14 14:45:00,4477.80890842822,2019-08-14,106.04,71.3181818181818,803.360909090909,19.0370209147683,2019-08-14 14:45:00,4477.80890842822,19.0370209147683,106.04,71.3181818181818,803.360909090909
"135","STRT",2019-08-14 15:00:00,4485.31532929265,2019-08-14,105.601818181818,71.5818181818182,102.208181818182,19.2809546972765,2019-08-14 15:00:00,4485.31532929265,19.2809546972765,105.601818181818,71.5818181818182,102.208181818182
"136","STRT",2019-08-14 15:15:00,4466.54927713157,2019-08-14,105.718181818182,71.8,207.748181818182,19.3504845165188,2019-08-14 15:15:00,4466.54927713157,19.3504845165188,105.718181818182,71.8,207.748181818182
"137","STRT",2019-08-14 15:30:00,4466.54927713157,2019-08-14,105.68,72.0454545454545,84.67,19.5822505806595,2019-08-14 15:30:00,4466.54927713157,19.5822505806595,105.68,72.0454545454545,84.67
"138","STRT",2019-08-14 15:45:00,4432.77038324162,2019-08-14,105.804545454545,72.2727272727273,96.2663636363636,19.7085630856163,2019-08-14 15:45:00,4432.77038324162,19.7085630856163,105.804545454545,72.2727272727273,96.2663636363636
"139","STRT",2019-08-14 16:00:00,4402.74469978389,2019-08-14,105.948181818182,72.3545454545455,86.6145454545454,19.816913720602,2019-08-14 16:00:00,4402.74469978389,19.816913720602,105.948181818182,72.3545454545455,86.6145454545454
"140","STRT",2019-08-14 16:15:00,4361.45938502952,2019-08-14,105.802727272727,72.4818181818182,393.862727272727,20.0185501964045,2019-08-14 16:15:00,4361.45938502952,20.0185501964045,105.802727272727,72.4818181818182,393.862727272727
"141","STRT",2019-08-14 16:30:00,4417.75754151276,2019-08-14,105.635454545455,72.6727272727273,522.233636363636,20.1732540442185,2019-08-14 16:30:00,4417.75754151276,20.1732540442185,105.635454545455,72.6727272727273,522.233636363636
"142","STRT",2019-08-14 16:45:00,4414.00433108054,2019-08-14,105.487272727273,72.8727272727273,403.271818181818,20.3198460797875,2019-08-14 16:45:00,4414.00433108054,20.3198460797875,105.487272727273,72.8727272727273,403.271818181818
"143","STRT",2019-08-14 17:00:00,4387.73185805503,2019-08-14,105.644545454545,73.0818181818182,394.309090909091,20.5035206856191,2019-08-14 17:00:00,4387.73185805503,20.5035206856191,105.644545454545,73.0818181818182,394.309090909091
"144","STRT",2019-08-14 17:15:00,4365.21259546173,2019-08-14,105.595454545455,73.2727272727273,447.079090909091,20.6935688582145,2019-08-14 17:15:00,4365.21259546173,20.6935688582145,105.595454545455,73.2727272727273,447.079090909091
"145","STRT",2019-08-14 17:30:00,4335.186912004,2019-08-14,105.410909090909,73.4727272727273,370.739090909091,20.8279931754162,2019-08-14 17:30:00,4335.186912004,20.8279931754162,105.410909090909,73.4727272727273,370.739090909091
"146","STRT",2019-08-14 17:45:00,4320.17407027514,2019-08-14,105.399090909091,73.6727272727273,420.763636363636,20.9635763229385,2019-08-14 17:45:00,4320.17407027514,20.9635763229385,105.399090909091,73.6727272727273,420.763636363636
"147","STRT",2019-08-14 18:00:00,4297.65480768184,2019-08-14,105.233636363636,73.8454545454545,680.393636363636,21.0736652034053,2019-08-14 18:00:00,4297.65480768184,21.0736652034053,105.233636363636,73.8454545454545,680.393636363636
"148","STRT",2019-08-14 18:15:00,4263.8759137919,2019-08-14,105.623636363636,73.9818181818182,318.042727272727,21.2416955999074,2019-08-14 18:15:00,4263.8759137919,21.2416955999074,105.623636363636,73.9818181818182,318.042727272727
"149","STRT",2019-08-14 18:30:00,4290.14838681741,2019-08-14,105.001818181818,74.2454545454545,305.733636363636,21.374381671628,2019-08-14 18:30:00,4290.14838681741,21.374381671628,105.001818181818,74.2454545454545,305.733636363636
"150","STRT",2019-08-14 18:45:00,4267.62912422411,2019-08-14,105.107272727273,74.3727272727273,107.254545454545,21.4873676278966,2019-08-14 18:45:00,4267.62912422411,21.4873676278966,105.107272727273,74.3727272727273,107.254545454545
"151","STRT",2019-08-14 19:00:00,4252.61628249525,2019-08-14,105.107272727273,74.5818181818182,86.8427272727273,21.5986153386842,2019-08-14 19:00:00,4252.61628249525,21.5986153386842,105.107272727273,74.5818181818182,86.8427272727273
"152","STRT",2019-08-14 19:15:00,4218.8373886053,2019-08-14,104.980909090909,74.7636363636364,168.654545454545,21.7701222261484,2019-08-14 19:15:00,4218.8373886053,21.7701222261484,104.980909090909,74.7636363636364,168.654545454545
"153","STRT",2019-08-14 19:30:00,4173.79886341871,2019-08-14,104.782727272727,74.9545454545455,64.3845454545455,21.9914588174028,2019-08-14 19:30:00,4173.79886341871,21.9914588174028,104.782727272727,74.9545454545455,64.3845454545455
"154","STRT",2019-08-14 19:45:00,4196.31812601201,2019-08-14,104.967272727273,74.9818181818182,174.202727272727,22.0696798640503,2019-08-14 19:45:00,4196.31812601201,22.0696798640503,104.967272727273,74.9818181818182,174.202727272727
"155","STRT",2019-08-14 20:00:00,4207.57775730866,2019-08-14,104.706363636364,75.1727272727273,127.077272727273,22.1125565859163,2019-08-14 20:00:00,4207.57775730866,22.1125565859163,104.706363636364,75.1727272727273,127.077272727273
"156","STRT",2019-08-14 20:15:00,4181.30528428314,2019-08-14,104.362727272727,75.3545454545455,150.735454545455,22.2267013725057,2019-08-14 20:15:00,4181.30528428314,22.2267013725057,104.362727272727,75.3545454545455,150.735454545455
"157","STRT",2019-08-14 20:30:00,4166.29244255428,2019-08-14,104.095454545455,75.4636363636364,194.902727272727,22.3640227655091,2019-08-14 20:30:00,4166.29244255428,22.3640227655091,104.095454545455,75.4636363636364,194.902727272727
"158","STRT",2019-08-14 20:45:00,4140.01996952877,2019-08-14,104.266363636364,75.6363636363636,65.3890909090909,22.5621827503494,2019-08-14 20:45:00,4140.01996952877,22.5621827503494,104.266363636364,75.6363636363636,65.3890909090909
"159","STRT",2019-08-14 21:00:00,4170.0456529865,2019-08-14,104.098181818182,75.7727272727273,70.8081818181818,22.6722716308163,2019-08-14 21:00:00,4170.0456529865,22.6722716308163,104.098181818182,75.7727272727273,70.8081818181818
"160","STRT",2019-08-14 21:15:00,4147.5263903932,2019-08-14,103.579090909091,75.9454545454546,82.6154545454545,22.7539691684259,2019-08-14 21:15:00,4147.5263903932,22.7539691684259,103.579090909091,75.9454545454546,82.6154545454545
"161","STRT",2019-08-14 21:30:00,4136.26675909655,2019-08-14,103.445454545455,76.0727272727273,158.362727272727,22.8542079911668,2019-08-14 21:30:00,4136.26675909655,22.8542079911668,103.445454545455,76.0727272727273,158.362727272727
"162","STRT",2019-08-14 21:45:00,4132.51354866433,2019-08-14,103.47,76.1545454545455,177.319090909091,22.9312702074936,2019-08-14 21:45:00,4132.51354866433,22.9312702074936,103.47,76.1545454545455,177.319090909091
"163","STRT",2019-08-14 22:00:00,4094.98144434217,2019-08-14,103.286363636364,76.2727272727273,56.4045454545455,23.0303501999138,2019-08-14 22:00:00,4094.98144434217,23.0303501999138,103.286363636364,76.2727272727273,56.4045454545455
"164","STRT",2019-08-14 22:15:00,4064.95576088444,2019-08-14,102.965454545455,76.3636363636364,60.9554545454545,23.0906093765904,2019-08-14 22:15:00,4064.95576088444,23.0906093765904,102.965454545455,76.3636363636364,60.9554545454545
"165","STRT",2019-08-14 22:30:00,4102.4878652066,2019-08-14,102.8,76.4727272727273,58.0545454545455,23.2088100693022,2019-08-14 22:30:00,4102.4878652066,23.2088100693022,102.8,76.4727272727273,58.0545454545455
"166","STRT",2019-08-14 22:45:00,4057.44934002001,2019-08-14,102.4,76.5818181818182,98.5663636363636,23.309048892043,2019-08-14 22:45:00,4057.44934002001,23.309048892043,102.4,76.5818181818182,98.5663636363636
"167","STRT",2019-08-14 23:00:00,4098.73465477439,2019-08-14,102.283636363636,76.7545454545455,126.994545454545,23.3716257293611,2019-08-14 23:00:00,4098.73465477439,23.3716257293611,102.283636363636,76.7545454545455,126.994545454545
"168","STRT",2019-08-14 23:15:00,4057.44934002001,2019-08-14,102.454545454545,76.8454545454545,99.9545454545455,23.4347819818394,2019-08-14 23:15:00,4057.44934002001,23.4347819818394,102.454545454545,76.8454545454545,99.9545454545455
"169","STRT",2019-08-14 23:30:00,4072.46218174888,2019-08-14,102.280909090909,76.9454545454546,148.468181818182,23.5292266529768,2019-08-14 23:30:00,4072.46218174888,23.5292266529768,102.280909090909,76.9454545454546,148.468181818182
"170","STRT",2019-08-14 23:45:00,4068.70897131666,2019-08-14,102.134545454545,76.9909090909091,65.0272727272727,23.5935417357758,2019-08-14 23:45:00,4068.70897131666,23.5935417357758,102.134545454545,76.9909090909091,65.0272727272727
"171","STRT",2019-08-15 00:00:00,4061.20255045223,2019-08-15,102.089090909091,77.0727272727273,56.7227272727273,23.6891452372339,2019-08-15 00:00:00,4061.20255045223,23.6891452372339,102.089090909091,77.0727272727273,56.7227272727273
"172","STRT",2019-08-15 00:15:00,4053.69612958779,2019-08-15,101.918181818182,77.1454545454545,285.692727272727,23.7517220745519,2019-08-15 00:15:00,4053.69612958779,23.7517220745519,101.918181818182,77.1454545454545,285.692727272727
"173","STRT",2019-08-15 00:30:00,4064.95576088444,2019-08-15,101.8,77.1818181818182,247.083636363636,23.8531197276135,2019-08-15 00:30:00,4064.95576088444,23.8531197276135,101.8,77.1818181818182,247.083636363636
"174","STRT",2019-08-15 00:45:00,4064.95576088444,2019-08-15,101.977272727273,77.2727272727273,87.6254545454545,23.9672645142028,2019-08-15 00:45:00,4064.95576088444,23.9672645142028,101.977272727273,77.2727272727273,87.6254545454545
"175",NA,NA,NA,NA,NA,NA,NA,NA,NA,NA,NA,NA,NA,NA
"176",NA,NA,NA,NA,NA,NA,NA,NA,NA,NA,NA,NA,NA,NA
"177",NA,NA,NA,NA,NA,NA,NA,NA,NA,NA,NA,NA,NA,NA
"178",NA,NA,NA,NA,NA,NA,NA,NA,NA,NA,NA,NA,NA,NA
"179",NA,NA,NA,NA,NA,NA,NA,NA,NA,NA,NA,NA,NA,NA
"180",NA,NA,NA,NA,NA,NA,NA,NA,NA,NA,NA,NA,NA,NA
"181",NA,NA,NA,NA,NA,NA,NA,NA,NA,NA,NA,NA,NA,NA
"182",NA,NA,NA,NA,NA,NA,NA,NA,NA,NA,NA,NA,NA,NA
"183",NA,NA,NA,NA,NA,NA,NA,NA,NA,NA,NA,NA,NA,NA
"184",NA,NA,NA,NA,NA,NA,NA,NA,NA,NA,NA,NA,NA,NA
"185",NA,NA,NA,NA,NA,NA,NA,NA,NA,NA,NA,NA,NA,NA
"186",NA,NA,NA,NA,NA,NA,NA,NA,NA,NA,NA,NA,NA,NA
"187",NA,NA,NA,NA,NA,NA,NA,NA,NA,NA,NA,NA,NA,NA
"188",NA,NA,NA,NA,NA,NA,NA,NA,NA,NA,NA,NA,NA,NA
"189",NA,NA,NA,NA,NA,NA,NA,NA,NA,NA,NA,NA,NA,NA
"190",NA,NA,NA,NA,NA,NA,NA,NA,NA,NA,NA,NA,NA,NA
"191",NA,NA,NA,NA,NA,NA,NA,NA,NA,NA,NA,NA,NA,NA
"192",NA,NA,NA,NA,NA,NA,NA,NA,NA,NA,NA,NA,NA,NA
"193",NA,NA,NA,NA,NA,NA,NA,NA,NA,NA,NA,NA,NA,NA
"194",NA,NA,NA,NA,NA,NA,NA,NA,NA,NA,NA,NA,NA,NA
"195",NA,NA,NA,NA,NA,NA,NA,NA,NA,NA,NA,NA,NA,NA
"196",NA,NA,NA,NA,NA,NA,NA,NA,NA,NA,NA,NA,NA,NA
"197",NA,NA,NA,NA,NA,NA,NA,NA,NA,NA,NA,NA,NA,NA
"198",NA,NA,NA,NA,NA,NA,NA,NA,NA,NA,NA,NA,NA,NA
"199",NA,NA,NA,NA,NA,NA,NA,NA,NA,NA,NA,NA,NA,NA
"200",NA,NA,NA,NA,NA,NA,NA,NA,NA,NA,NA,NA,NA,NA
"201",NA,NA,NA,NA,NA,NA,NA,NA,NA,NA,NA,NA,NA,NA
"202",NA,NA,NA,NA,NA,NA,NA,NA,NA,NA,NA,NA,NA,NA
"203",NA,NA,NA,NA,NA,NA,NA,NA,NA,NA,NA,NA,NA,NA
"204",NA,NA,NA,NA,NA,NA,NA,NA,NA,NA,NA,NA,NA,NA
"205",NA,NA,NA,NA,NA,NA,NA,NA,NA,NA,NA,NA,NA,NA
"206",NA,NA,NA,NA,NA,NA,NA,NA,NA,NA,NA,NA,NA,NA
"207",NA,NA,NA,NA,NA,NA,NA,NA,NA,NA,NA,NA,NA,NA
"208",NA,NA,NA,NA,NA,NA,NA,NA,NA,NA,NA,NA,NA,NA
"209",NA,NA,NA,NA,NA,NA,NA,NA,NA,NA,NA,NA,NA,NA
"210",NA,NA,NA,NA,NA,NA,NA,NA,NA,NA,NA,NA,NA,NA
"211",NA,NA,NA,NA,NA,NA,NA,NA,NA,NA,NA,NA,NA,NA
"212",NA,NA,NA,NA,NA,NA,NA,NA,NA,NA,NA,NA,NA,NA
"213",NA,NA,NA,NA,NA,NA,NA,NA,NA,NA,NA,NA,NA,NA
"214",NA,NA,NA,NA,NA,NA,NA,NA,NA,NA,NA,NA,NA,NA
"215",NA,NA,NA,NA,NA,NA,NA,NA,NA,NA,NA,NA,NA,NA
"216",NA,NA,NA,NA,NA,NA,NA,NA,NA,NA,NA,NA,NA,NA
"217",NA,NA,NA,NA,NA,NA,NA,NA,NA,NA,NA,NA,NA,NA
"218",NA,NA,NA,NA,NA,NA,NA,NA,NA,NA,NA,NA,NA,NA
"219",NA,NA,NA,NA,NA,NA,NA,NA,NA,NA,NA,NA,NA,NA
"220",NA,NA,NA,NA,NA,NA,NA,NA,NA,NA,NA,NA,NA,NA
"221",NA,NA,NA,NA,NA,NA,NA,NA,NA,NA,NA,NA,NA,NA
"222",NA,NA,NA,NA,NA,NA,NA,NA,NA,NA,NA,NA,NA,NA
"223",NA,NA,NA,NA,NA,NA,NA,NA,NA,NA,NA,NA,NA,NA
"224",NA,NA,NA,NA,NA,NA,NA,NA,NA,NA,NA,NA,NA,NA
"225",NA,NA,NA,NA,NA,NA,NA,NA,NA,NA,NA,NA,NA,NA
"226",NA,NA,NA,NA,NA,NA,NA,NA,NA,NA,NA,NA,NA,NA
"227",NA,NA,NA,NA,NA,NA,NA,NA,NA,NA,NA,NA,NA,NA
"228",NA,NA,NA,NA,NA,NA,NA,NA,NA,NA,NA,NA,NA,NA
"229",NA,NA,NA,NA,NA,NA,NA,NA,NA,NA,NA,NA,NA,NA
"230",NA,NA,NA,NA,NA,NA,NA,NA,NA,NA,NA,NA,NA,NA
"231",NA,NA,NA,NA,NA,NA,NA,NA,NA,NA,NA,NA,NA,NA
"232",NA,NA,NA,NA,NA,NA,NA,NA,NA,NA,NA,NA,NA,NA
"233",NA,NA,NA,NA,NA,NA,NA,NA,NA,NA,NA,NA,NA,NA
"234",NA,NA,NA,NA,NA,NA,NA,NA,NA,NA,NA,NA,NA,NA
"235",NA,NA,NA,NA,NA,NA,NA,NA,NA,NA,NA,NA,NA,NA
"236",NA,NA,NA,NA,NA,NA,NA,NA,NA,NA,NA,NA,NA,NA
"237",NA,NA,NA,NA,NA,NA,NA,NA,NA,NA,NA,NA,NA,NA
"238",NA,NA,NA,NA,NA,NA,NA,NA,NA,NA,NA,NA,NA,NA
"239",NA,NA,NA,NA,NA,NA,NA,NA,NA,NA,NA,NA,NA,NA
"240",NA,NA,NA,NA,NA,NA,NA,NA,NA,NA,NA,NA,NA,NA
"241",NA,NA,NA,NA,NA,NA,NA,NA,NA,NA,NA,NA,NA,NA
"242",NA,NA,NA,NA,NA,NA,NA,NA,NA,NA,NA,NA,NA,NA
"243",NA,NA,NA,NA,NA,NA,NA,NA,NA,NA,NA,NA,NA,NA
"244",NA,NA,NA,NA,NA,NA,NA,NA,NA,NA,NA,NA,NA,NA
"245",NA,NA,NA,NA,NA,NA,NA,NA,NA,NA,NA,NA,NA,NA
"246",NA,NA,NA,NA,NA,NA,NA,NA,NA,NA,NA,NA,NA,NA
"247",NA,NA,NA,NA,NA,NA,NA,NA,NA,NA,NA,NA,NA,NA
"248",NA,NA,NA,NA,NA,NA,NA,NA,NA,NA,NA,NA,NA,NA
"249",NA,NA,NA,NA,NA,NA,NA,NA,NA,NA,NA,NA,NA,NA
"250",NA,NA,NA,NA,NA,NA,NA,NA,NA,NA,NA,NA,NA,NA
"251",NA,NA,NA,NA,NA,NA,NA,NA,NA,NA,NA,NA,NA,NA
"252",NA,NA,NA,NA,NA,NA,NA,NA,NA,NA,NA,NA,NA,NA
"253",NA,NA,NA,NA,NA,NA,NA,NA,NA,NA,NA,NA,NA,NA
"254",NA,NA,NA,NA,NA,NA,NA,NA,NA,NA,NA,NA,NA,NA
"255",NA,NA,NA,NA,NA,NA,NA,NA,NA,NA,NA,NA,NA,NA
"256",NA,NA,NA,NA,NA,NA,NA,NA,NA,NA,NA,NA,NA,NA
"257",NA,NA,NA,NA,NA,NA,NA,NA,NA,NA,NA,NA,NA,NA
"258",NA,NA,NA,NA,NA,NA,NA,NA,NA,NA,NA,NA,NA,NA
"259",NA,NA,NA,NA,NA,NA,NA,NA,NA,NA,NA,NA,NA,NA
"260",NA,NA,NA,NA,NA,NA,NA,NA,NA,NA,NA,NA,NA,NA
"261",NA,NA,NA,NA,NA,NA,NA,NA,NA,NA,NA,NA,NA,NA
"262",NA,NA,NA,NA,NA,NA,NA,NA,NA,NA,NA,NA,NA,NA
"263",NA,NA,NA,NA,NA,NA,NA,NA,NA,NA,NA,NA,NA,NA
"264",NA,NA,NA,NA,NA,NA,NA,NA,NA,NA,NA,NA,NA,NA
"265",NA,NA,NA,NA,NA,NA,NA,NA,NA,NA,NA,NA,NA,NA
"266",NA,NA,NA,NA,NA,NA,NA,NA,NA,NA,NA,NA,NA,NA
"267",NA,NA,NA,NA,NA,NA,NA,NA,NA,NA,NA,NA,NA,NA
"268",NA,NA,NA,NA,NA,NA,NA,NA,NA,NA,NA,NA,NA,NA
"269",NA,NA,NA,NA,NA,NA,NA,NA,NA,NA,NA,NA,NA,NA
"270",NA,NA,NA,NA,NA,NA,NA,NA,NA,NA,NA,NA,NA,NA
"271",NA,NA,NA,NA,NA,NA,NA,NA,NA,NA,NA,NA,NA,NA
"272",NA,NA,NA,NA,NA,NA,NA,NA,NA,NA,NA,NA,NA,NA
"273",NA,NA,NA,NA,NA,NA,NA,NA,NA,NA,NA,NA,NA,NA
"274",NA,NA,NA,NA,NA,NA,NA,NA,NA,NA,NA,NA,NA,NA
"275",NA,NA,NA,NA,NA,NA,NA,NA,NA,NA,NA,NA,NA,NA
"276",NA,NA,NA,NA,NA,NA,NA,NA,NA,NA,NA,NA,NA,NA
"277",NA,NA,NA,NA,NA,NA,NA,NA,NA,NA,NA,NA,NA,NA
"278",NA,NA,NA,NA,NA,NA,NA,NA,NA,NA,NA,NA,NA,NA
"279",NA,NA,NA,NA,NA,NA,NA,NA,NA,NA,NA,NA,NA,NA
"280",NA,NA,NA,NA,NA,NA,NA,NA,NA,NA,NA,NA,NA,NA
"281",NA,NA,NA,NA,NA,NA,NA,NA,NA,NA,NA,NA,NA,NA
"282",NA,NA,NA,NA,NA,NA,NA,NA,NA,NA,NA,NA,NA,NA
"283",NA,NA,NA,NA,NA,NA,NA,NA,NA,NA,NA,NA,NA,NA
"284",NA,NA,NA,NA,NA,NA,NA,NA,NA,NA,NA,NA,NA,NA
"285",NA,NA,NA,NA,NA,NA,NA,NA,NA,NA,NA,NA,NA,NA
"286",NA,NA,NA,NA,NA,NA,NA,NA,NA,NA,NA,NA,NA,NA
"287",NA,NA,NA,NA,NA,NA,NA,NA,NA,NA,NA,NA,NA,NA
"288",NA,NA,NA,NA,NA,NA,NA,NA,NA,NA,NA,NA,NA,NA
"289",NA,NA,NA,NA,NA,NA,NA,NA,NA,NA,NA,NA,NA,NA
"290",NA,NA,NA,NA,NA,NA,NA,NA,NA,NA,NA,NA,NA,NA
"291",NA,NA,NA,NA,NA,NA,NA,NA,NA,NA,NA,NA,NA,NA
"292",NA,NA,NA,NA,NA,NA,NA,NA,NA,NA,NA,NA,NA,NA
"293",NA,NA,NA,NA,NA,NA,NA,NA,NA,NA,NA,NA,NA,NA
"294",NA,NA,NA,NA,NA,NA,NA,NA,NA,NA,NA,NA,NA,NA
"295",NA,NA,NA,NA,NA,NA,NA,NA,NA,NA,NA,NA,NA,NA
"296",NA,NA,NA,NA,NA,NA,NA,NA,NA,NA,NA,NA,NA,NA
"297",NA,NA,NA,NA,NA,NA,NA,NA,NA,NA,NA,NA,NA,NA
"298",NA,NA,NA,NA,NA,NA,NA,NA,NA,NA,NA,NA,NA,NA
"299",NA,NA,NA,NA,NA,NA,NA,NA,NA,NA,NA,NA,NA,NA
"300",NA,NA,NA,NA,NA,NA,NA,NA,NA,NA,NA,NA,NA,NA
"301",NA,NA,NA,NA,NA,NA,NA,NA,NA,NA,NA,NA,NA,NA
"302",NA,NA,NA,NA,NA,NA,NA,NA,NA,NA,NA,NA,NA,NA
"303",NA,NA,NA,NA,NA,NA,NA,NA,NA,NA,NA,NA,NA,NA
"304",NA,NA,NA,NA,NA,NA,NA,NA,NA,NA,NA,NA,NA,NA
"305",NA,NA,NA,NA,NA,NA,NA,NA,NA,NA,NA,NA,NA,NA
"306",NA,NA,NA,NA,NA,NA,NA,NA,NA,NA,NA,NA,NA,NA
"307",NA,NA,NA,NA,NA,NA,NA,NA,NA,NA,NA,NA,NA,NA
"308",NA,NA,NA,NA,NA,NA,NA,NA,NA,NA,NA,NA,NA,NA
"309",NA,NA,NA,NA,NA,NA,NA,NA,NA,NA,NA,NA,NA,NA
"310",NA,NA,NA,NA,NA,NA,NA,NA,NA,NA,NA,NA,NA,NA
"311",NA,NA,NA,NA,NA,NA,NA,NA,NA,NA,NA,NA,NA,NA
"312",NA,NA,NA,NA,NA,NA,NA,NA,NA,NA,NA,NA,NA,NA
"313",NA,NA,NA,NA,NA,NA,NA,NA,NA,NA,NA,NA,NA,NA
"314",NA,NA,NA,NA,NA,NA,NA,NA,NA,NA,NA,NA,NA,NA
"315",NA,NA,NA,NA,NA,NA,NA,NA,NA,NA,NA,NA,NA,NA
"316",NA,NA,NA,NA,NA,NA,NA,NA,NA,NA,NA,NA,NA,NA
"317",NA,NA,NA,NA,NA,NA,NA,NA,NA,NA,NA,NA,NA,NA
"318",NA,NA,NA,NA,NA,NA,NA,NA,NA,NA,NA,NA,NA,NA
"319",NA,NA,NA,NA,NA,NA,NA,NA,NA,NA,NA,NA,NA,NA
"320",NA,NA,NA,NA,NA,NA,NA,NA,NA,NA,NA,NA,NA,NA
"321",NA,NA,NA,NA,NA,NA,NA,NA,NA,NA,NA,NA,NA,NA
"322",NA,NA,NA,NA,NA,NA,NA,NA,NA,NA,NA,NA,NA,NA
"323",NA,NA,NA,NA,NA,NA,NA,NA,NA,NA,NA,NA,NA,NA
"324",NA,NA,NA,NA,NA,NA,NA,NA,NA,NA,NA,NA,NA,NA
"325",NA,NA,NA,NA,NA,NA,NA,NA,NA,NA,NA,NA,NA,NA
"326",NA,NA,NA,NA,NA,NA,NA,NA,NA,NA,NA,NA,NA,NA
"327",NA,NA,NA,NA,NA,NA,NA,NA,NA,NA,NA,NA,NA,NA
"328",NA,NA,NA,NA,NA,NA,NA,NA,NA,NA,NA,NA,NA,NA
"329",NA,NA,NA,NA,NA,NA,NA,NA,NA,NA,NA,NA,NA,NA
"330",NA,NA,NA,NA,NA,NA,NA,NA,NA,NA,NA,NA,NA,NA
"331",NA,NA,NA,NA,NA,NA,NA,NA,NA,NA,NA,NA,NA,NA
"332",NA,NA,NA,NA,NA,NA,NA,NA,NA,NA,NA,NA,NA,NA
"333",NA,NA,NA,NA,NA,NA,NA,NA,NA,NA,NA,NA,NA,NA
"334",NA,NA,NA,NA,NA,NA,NA,NA,NA,NA,NA,NA,NA,NA
"335",NA,NA,NA,NA,NA,NA,NA,NA,NA,NA,NA,NA,NA,NA
"336",NA,NA,NA,NA,NA,NA,NA,NA,NA,NA,NA,NA,NA,NA
"337",NA,NA,NA,NA,NA,NA,NA,NA,NA,NA,NA,NA,NA,NA
"338",NA,NA,NA,NA,NA,NA,NA,NA,NA,NA,NA,NA,NA,NA
"339",NA,NA,NA,NA,NA,NA,NA,NA,NA,NA,NA,NA,NA,NA
"340",NA,NA,NA,NA,NA,NA,NA,NA,NA,NA,NA,NA,NA,NA
"341",NA,NA,NA,NA,NA,NA,NA,NA,NA,NA,NA,NA,NA,NA
"342",NA,NA,NA,NA,NA,NA,NA,NA,NA,NA,NA,NA,NA,NA
"343",NA,NA,NA,NA,NA,NA,NA,NA,NA,NA,NA,NA,NA,NA
"344",NA,NA,NA,NA,NA,NA,NA,NA,NA,NA,NA,NA,NA,NA
"345",NA,NA,NA,NA,NA,NA,NA,NA,NA,NA,NA,NA,NA,NA
"346",NA,NA,NA,NA,NA,NA,NA,NA,NA,NA,NA,NA,NA,NA
"347",NA,NA,NA,NA,NA,NA,NA,NA,NA,NA,NA,NA,NA,NA
"348",NA,NA,NA,NA,NA,NA,NA,NA,NA,NA,NA,NA,NA,NA
"349",NA,NA,NA,NA,NA,NA,NA,NA,NA,NA,NA,NA,NA,NA
"350",NA,NA,NA,NA,NA,NA,NA,NA,NA,NA,NA,NA,NA,NA
"351",NA,NA,NA,NA,NA,NA,NA,NA,NA,NA,NA,NA,NA,NA
"352",NA,NA,NA,NA,NA,NA,NA,NA,NA,NA,NA,NA,NA,NA
"353",NA,NA,NA,NA,NA,NA,NA,NA,NA,NA,NA,NA,NA,NA
"354",NA,NA,NA,NA,NA,NA,NA,NA,NA,NA,NA,NA,NA,NA
"355",NA,NA,NA,NA,NA,NA,NA,NA,NA,NA,NA,NA,NA,NA
"356",NA,NA,NA,NA,NA,NA,NA,NA,NA,NA,NA,NA,NA,NA
"357",NA,NA,NA,NA,NA,NA,NA,NA,NA,NA,NA,NA,NA,NA
"358",NA,NA,NA,NA,NA,NA,NA,NA,NA,NA,NA,NA,NA,NA
"359",NA,NA,NA,NA,NA,NA,NA,NA,NA,NA,NA,NA,NA,NA
"360",NA,NA,NA,NA,NA,NA,NA,NA,NA,NA,NA,NA,NA,NA
"361",NA,NA,NA,NA,NA,NA,NA,NA,NA,NA,NA,NA,NA,NA
"362",NA,NA,NA,NA,NA,NA,NA,NA,NA,NA,NA,NA,NA,NA
"363",NA,NA,NA,NA,NA,NA,NA,NA,NA,NA,NA,NA,NA,NA
"364",NA,NA,NA,NA,NA,NA,NA,NA,NA,NA,NA,NA,NA,NA
"365",NA,NA,NA,NA,NA,NA,NA,NA,NA,NA,NA,NA,NA,NA
"366",NA,NA,NA,NA,NA,NA,NA,NA,NA,NA,NA,NA,NA,NA
"367",NA,NA,NA,NA,NA,NA,NA,NA,NA,NA,NA,NA,NA,NA
"368",NA,NA,NA,NA,NA,NA,NA,NA,NA,NA,NA,NA,NA,NA
"369",NA,NA,NA,NA,NA,NA,NA,NA,NA,NA,NA,NA,NA,NA
"370",NA,NA,NA,NA,NA,NA,NA,NA,NA,NA,NA,NA,NA,NA
"371",NA,NA,NA,NA,NA,NA,NA,NA,NA,NA,NA,NA,NA,NA
"372",NA,NA,NA,NA,NA,NA,NA,NA,NA,NA,NA,NA,NA,NA
"373",NA,NA,NA,NA,NA,NA,NA,NA,NA,NA,NA,NA,NA,NA
"374",NA,NA,NA,NA,NA,NA,NA,NA,NA,NA,NA,NA,NA,NA
"375",NA,NA,NA,NA,NA,NA,NA,NA,NA,NA,NA,NA,NA,NA
"376",NA,NA,NA,NA,NA,NA,NA,NA,NA,NA,NA,NA,NA,NA
"377",NA,NA,NA,NA,NA,NA,NA,NA,NA,NA,NA,NA,NA,NA
"378",NA,NA,NA,NA,NA,NA,NA,NA,NA,NA,NA,NA,NA,NA
"379",NA,NA,NA,NA,NA,NA,NA,NA,NA,NA,NA,NA,NA,NA
"380",NA,NA,NA,NA,NA,NA,NA,NA,NA,NA,NA,NA,NA,NA
"381",NA,NA,NA,NA,NA,NA,NA,NA,NA,NA,NA,NA,NA,NA
"382",NA,NA,NA,NA,NA,NA,NA,NA,NA,NA,NA,NA,NA,NA
"383",NA,NA,NA,NA,NA,NA,NA,NA,NA,NA,NA,NA,NA,NA
"384",NA,NA,NA,NA,NA,NA,NA,NA,NA,NA,NA,NA,NA,NA
"385",NA,NA,NA,NA,NA,NA,NA,NA,NA,NA,NA,NA,NA,NA
"386",NA,NA,NA,NA,NA,NA,NA,NA,NA,NA,NA,NA,NA,NA
"387",NA,NA,NA,NA,NA,NA,NA,NA,NA,NA,NA,NA,NA,NA
"388",NA,NA,NA,NA,NA,NA,NA,NA,NA,NA,NA,NA,NA,NA
"389",NA,NA,NA,NA,NA,NA,NA,NA,NA,NA,NA,NA,NA,NA
"390",NA,NA,NA,NA,NA,NA,NA,NA,NA,NA,NA,NA,NA,NA
"391",NA,NA,NA,NA,NA,NA,NA,NA,NA,NA,NA,NA,NA,NA
"392",NA,NA,NA,NA,NA,NA,NA,NA,NA,NA,NA,NA,NA,NA
"393",NA,NA,NA,NA,NA,NA,NA,NA,NA,NA,NA,NA,NA,NA
"394",NA,NA,NA,NA,NA,NA,NA,NA,NA,NA,NA,NA,NA,NA
"395",NA,NA,NA,NA,NA,NA,NA,NA,NA,NA,NA,NA,NA,NA
"396",NA,NA,NA,NA,NA,NA,NA,NA,NA,NA,NA,NA,NA,NA
"397",NA,NA,NA,NA,NA,NA,NA,NA,NA,NA,NA,NA,NA,NA
"398",NA,NA,NA,NA,NA,NA,NA,NA,NA,NA,NA,NA,NA,NA
"399",NA,NA,NA,NA,NA,NA,NA,NA,NA,NA,NA,NA,NA,NA
"400",NA,NA,NA,NA,NA,NA,NA,NA,NA,NA,NA,NA,NA,NA
"401",NA,NA,NA,NA,NA,NA,NA,NA,NA,NA,NA,NA,NA,NA
"402",NA,NA,NA,NA,NA,NA,NA,NA,NA,NA,NA,NA,NA,NA
"403",NA,NA,NA,NA,NA,NA,NA,NA,NA,NA,NA,NA,NA,NA
"404",NA,NA,NA,NA,NA,NA,NA,NA,NA,NA,NA,NA,NA,NA
"405",NA,NA,NA,NA,NA,NA,NA,NA,NA,NA,NA,NA,NA,NA
"406",NA,NA,NA,NA,NA,NA,NA,NA,NA,NA,NA,NA,NA,NA
"407",NA,NA,NA,NA,NA,NA,NA,NA,NA,NA,NA,NA,NA,NA
"408",NA,NA,NA,NA,NA,NA,NA,NA,NA,NA,NA,NA,NA,NA
"409",NA,NA,NA,NA,NA,NA,NA,NA,NA,NA,NA,NA,NA,NA
"410",NA,NA,NA,NA,NA,NA,NA,NA,NA,NA,NA,NA,NA,NA
"411",NA,NA,NA,NA,NA,NA,NA,NA,NA,NA,NA,NA,NA,NA
"412",NA,NA,NA,NA,NA,NA,NA,NA,NA,NA,NA,NA,NA,NA
"413",NA,NA,NA,NA,NA,NA,NA,NA,NA,NA,NA,NA,NA,NA
"414",NA,NA,NA,NA,NA,NA,NA,NA,NA,NA,NA,NA,NA,NA
"415",NA,NA,NA,NA,NA,NA,NA,NA,NA,NA,NA,NA,NA,NA
"416",NA,NA,NA,NA,NA,NA,NA,NA,NA,NA,NA,NA,NA,NA
"417",NA,NA,NA,NA,NA,NA,NA,NA,NA,NA,NA,NA,NA,NA
"418",NA,NA,NA,NA,NA,NA,NA,NA,NA,NA,NA,NA,NA,NA
"419",NA,NA,NA,NA,NA,NA,NA,NA,NA,NA,NA,NA,NA,NA
"420",NA,NA,NA,NA,NA,NA,NA,NA,NA,NA,NA,NA,NA,NA
"421",NA,NA,NA,NA,NA,NA,NA,NA,NA,NA,NA,NA,NA,NA
"422",NA,NA,NA,NA,NA,NA,NA,NA,NA,NA,NA,NA,NA,NA
"423",NA,NA,NA,NA,NA,NA,NA,NA,NA,NA,NA,NA,NA,NA
"424",NA,NA,NA,NA,NA,NA,NA,NA,NA,NA,NA,NA,NA,NA
"425",NA,NA,NA,NA,NA,NA,NA,NA,NA,NA,NA,NA,NA,NA
"426",NA,NA,NA,NA,NA,NA,NA,NA,NA,NA,NA,NA,NA,NA
"427",NA,NA,NA,NA,NA,NA,NA,NA,NA,NA,NA,NA,NA,NA
"428",NA,NA,NA,NA,NA,NA,NA,NA,NA,NA,NA,NA,NA,NA
"429",NA,NA,NA,NA,NA,NA,NA,NA,NA,NA,NA,NA,NA,NA
"430",NA,NA,NA,NA,NA,NA,NA,NA,NA,NA,NA,NA,NA,NA
"431",NA,NA,NA,NA,NA,NA,NA,NA,NA,NA,NA,NA,NA,NA
"432",NA,NA,NA,NA,NA,NA,NA,NA,NA,NA,NA,NA,NA,NA
"433",NA,NA,NA,NA,NA,NA,NA,NA,NA,NA,NA,NA,NA,NA
"434",NA,NA,NA,NA,NA,NA,NA,NA,NA,NA,NA,NA,NA,NA
"435",NA,NA,NA,NA,NA,NA,NA,NA,NA,NA,NA,NA,NA,NA
"436",NA,NA,NA,NA,NA,NA,NA,NA,NA,NA,NA,NA,NA,NA
"437",NA,NA,NA,NA,NA,NA,NA,NA,NA,NA,NA,NA,NA,NA
"438",NA,NA,NA,NA,NA,NA,NA,NA,NA,NA,NA,NA,NA,NA
"439",NA,NA,NA,NA,NA,NA,NA,NA,NA,NA,NA,NA,NA,NA
"440",NA,NA,NA,NA,NA,NA,NA,NA,NA,NA,NA,NA,NA,NA
"441",NA,NA,NA,NA,NA,NA,NA,NA,NA,NA,NA,NA,NA,NA
"442",NA,NA,NA,NA,NA,NA,NA,NA,NA,NA,NA,NA,NA,NA
"443",NA,NA,NA,NA,NA,NA,NA,NA,NA,NA,NA,NA,NA,NA
"444",NA,NA,NA,NA,NA,NA,NA,NA,NA,NA,NA,NA,NA,NA
"445",NA,NA,NA,NA,NA,NA,NA,NA,NA,NA,NA,NA,NA,NA
"446",NA,NA,NA,NA,NA,NA,NA,NA,NA,NA,NA,NA,NA,NA
"447",NA,NA,NA,NA,NA,NA,NA,NA,NA,NA,NA,NA,NA,NA
"448",NA,NA,NA,NA,NA,NA,NA,NA,NA,NA,NA,NA,NA,NA
"449",NA,NA,NA,NA,NA,NA,NA,NA,NA,NA,NA,NA,NA,NA
"450",NA,NA,NA,NA,NA,NA,NA,NA,NA,NA,NA,NA,NA,NA
"451",NA,NA,NA,NA,NA,NA,NA,NA,NA,NA,NA,NA,NA,NA
"452",NA,NA,NA,NA,NA,NA,NA,NA,NA,NA,NA,NA,NA,NA
"453",NA,NA,NA,NA,NA,NA,NA,NA,NA,NA,NA,NA,NA,NA
"454",NA,NA,NA,NA,NA,NA,NA,NA,NA,NA,NA,NA,NA,NA
"455",NA,NA,NA,NA,NA,NA,NA,NA,NA,NA,NA,NA,NA,NA
"456",NA,NA,NA,NA,NA,NA,NA,NA,NA,NA,NA,NA,NA,NA
"457",NA,NA,NA,NA,NA,NA,NA,NA,NA,NA,NA,NA,NA,NA
"458",NA,NA,NA,NA,NA,NA,NA,NA,NA,NA,NA,NA,NA,NA
"459",NA,NA,NA,NA,NA,NA,NA,NA,NA,NA,NA,NA,NA,NA
"460",NA,NA,NA,NA,NA,NA,NA,NA,NA,NA,NA,NA,NA,NA
"461",NA,NA,NA,NA,NA,NA,NA,NA,NA,NA,NA,NA,NA,NA
"462",NA,NA,NA,NA,NA,NA,NA,NA,NA,NA,NA,NA,NA,NA
"463",NA,NA,NA,NA,NA,NA,NA,NA,NA,NA,NA,NA,NA,NA
"464",NA,NA,NA,NA,NA,NA,NA,NA,NA,NA,NA,NA,NA,NA
"465",NA,NA,NA,NA,NA,NA,NA,NA,NA,NA,NA,NA,NA,NA
"466",NA,NA,NA,NA,NA,NA,NA,NA,NA,NA,NA,NA,NA,NA
"467",NA,NA,NA,NA,NA,NA,NA,NA,NA,NA,NA,NA,NA,NA
"468",NA,NA,NA,NA,NA,NA,NA,NA,NA,NA,NA,NA,NA,NA
"469",NA,NA,NA,NA,NA,NA,NA,NA,NA,NA,NA,NA,NA,NA
"470",NA,NA,NA,NA,NA,NA,NA,NA,NA,NA,NA,NA,NA,NA
"471",NA,NA,NA,NA,NA,NA,NA,NA,NA,NA,NA,NA,NA,NA
"472",NA,NA,NA,NA,NA,NA,NA,NA,NA,NA,NA,NA,NA,NA
"473",NA,NA,NA,NA,NA,NA,NA,NA,NA,NA,NA,NA,NA,NA
"474",NA,NA,NA,NA,NA,NA,NA,NA,NA,NA,NA,NA,NA,NA
"475",NA,NA,NA,NA,NA,NA,NA,NA,NA,NA,NA,NA,NA,NA
"476",NA,NA,NA,NA,NA,NA,NA,NA,NA,NA,NA,NA,NA,NA
"477",NA,NA,NA,NA,NA,NA,NA,NA,NA,NA,NA,NA,NA,NA
"478",NA,NA,NA,NA,NA,NA,NA,NA,NA,NA,NA,NA,NA,NA
"479",NA,NA,NA,NA,NA,NA,NA,NA,NA,NA,NA,NA,NA,NA
"480",NA,NA,NA,NA,NA,NA,NA,NA,NA,NA,NA,NA,NA,NA
"481",NA,NA,NA,NA,NA,NA,NA,NA,NA,NA,NA,NA,NA,NA
"482",NA,NA,NA,NA,NA,NA,NA,NA,NA,NA,NA,NA,NA,NA
"483",NA,NA,NA,NA,NA,NA,NA,NA,NA,NA,NA,NA,NA,NA
"484",NA,NA,NA,NA,NA,NA,NA,NA,NA,NA,NA,NA,NA,NA
"485",NA,NA,NA,NA,NA,NA,NA,NA,NA,NA,NA,NA,NA,NA
"486",NA,NA,NA,NA,NA,NA,NA,NA,NA,NA,NA,NA,NA,NA
"487",NA,NA,NA,NA,NA,NA,NA,NA,NA,NA,NA,NA,NA,NA
"488",NA,NA,NA,NA,NA,NA,NA,NA,NA,NA,NA,NA,NA,NA
"489",NA,NA,NA,NA,NA,NA,NA,NA,NA,NA,NA,NA,NA,NA
"490",NA,NA,NA,NA,NA,NA,NA,NA,NA,NA,NA,NA,NA,NA
"491",NA,NA,NA,NA,NA,NA,NA,NA,NA,NA,NA,NA,NA,NA
"492",NA,NA,NA,NA,NA,NA,NA,NA,NA,NA,NA,NA,NA,NA
"493",NA,NA,NA,NA,NA,NA,NA,NA,NA,NA,NA,NA,NA,NA
"494",NA,NA,NA,NA,NA,NA,NA,NA,NA,NA,NA,NA,NA,NA
"495",NA,NA,NA,NA,NA,NA,NA,NA,NA,NA,NA,NA,NA,NA
"496",NA,NA,NA,NA,NA,NA,NA,NA,NA,NA,NA,NA,NA,NA
"497",NA,NA,NA,NA,NA,NA,NA,NA,NA,NA,NA,NA,NA,NA
"498",NA,NA,NA,NA,NA,NA,NA,NA,NA,NA,NA,NA,NA,NA
"499",NA,NA,NA,NA,NA,NA,NA,NA,NA,NA,NA,NA,NA,NA
"500",NA,NA,NA,NA,NA,NA,NA,NA,NA,NA,NA,NA,NA,NA
"501",NA,NA,NA,NA,NA,NA,NA,NA,NA,NA,NA,NA,NA,NA
"502",NA,NA,NA,NA,NA,NA,NA,NA,NA,NA,NA,NA,NA,NA
"503",NA,NA,NA,NA,NA,NA,NA,NA,NA,NA,NA,NA,NA,NA
"504",NA,NA,NA,NA,NA,NA,NA,NA,NA,NA,NA,NA,NA,NA
"505",NA,NA,NA,NA,NA,NA,NA,NA,NA,NA,NA,NA,NA,NA
"506",NA,NA,NA,NA,NA,NA,NA,NA,NA,NA,NA,NA,NA,NA
"507",NA,NA,NA,NA,NA,NA,NA,NA,NA,NA,NA,NA,NA,NA
"508",NA,NA,NA,NA,NA,NA,NA,NA,NA,NA,NA,NA,NA,NA
"509",NA,NA,NA,NA,NA,NA,NA,NA,NA,NA,NA,NA,NA,NA
"510",NA,NA,NA,NA,NA,NA,NA,NA,NA,NA,NA,NA,NA,NA
"511",NA,NA,NA,NA,NA,NA,NA,NA,NA,NA,NA,NA,NA,NA
