"","site.ID","datetimeAK","Q","day","fDOM.QSU","SpCond.ÂµS.cm","Turbidity.FNU","nitrateuM","MeanDischarge","DateTime","SpCond.uScm"
"1","VAUL",2020-07-13 04:30:00,77.8430218036519,2020-07-12 08:00:00,228.057272727273,312.027272727273,12.2081818181818,14.6312329618808,77.8430218036519,2020-07-13 04:30:00,312.027272727273
"2","VAUL",2020-07-13 04:45:00,74.3420337007265,2020-07-12 08:00:00,227.961818181818,312.163636363636,12.7590909090909,14.5222350062937,74.3420337007265,2020-07-13 04:45:00,312.163636363636
"3","VAUL",2020-07-13 05:00:00,76.0925277522183,2020-07-12 08:00:00,227.700909090909,312.263636363636,11.5936363636364,14.6181075536164,76.0925277522183,2020-07-13 05:00:00,312.263636363636
"4","VAUL",2020-07-13 05:15:00,70.841045597801,2020-07-12 08:00:00,227.463636363636,312.3,12.6227272727273,14.6574837784097,70.841045597801,2020-07-13 05:15:00,312.3
"5","VAUL",2020-07-13 05:30:00,74.3420337007265,2020-07-12 08:00:00,227.323636363636,312.654545454545,11.6309090909091,14.6574837784097,74.3420337007265,2020-07-13 05:30:00,312.654545454545
"6","VAUL",2020-07-13 05:45:00,74.3420337007265,2020-07-12 08:00:00,227.001818181818,313.018181818182,12.02,14.6363689912017,74.3420337007265,2020-07-13 05:45:00,313.018181818182
"7","VAUL",2020-07-13 06:00:00,76.0925277522183,2020-07-12 08:00:00,227.039090909091,313.309090909091,12.9345454545455,14.5912860671631,76.0925277522183,2020-07-13 06:00:00,313.309090909091
"8","VAUL",2020-07-13 06:15:00,81.3440099066356,2020-07-12 08:00:00,226.877272727273,313.618181818182,12.5454545454545,14.6392223408244,81.3440099066356,2020-07-13 06:15:00,313.618181818182
"9","VAUL",2020-07-13 06:30:00,81.3440099066356,2020-07-12 08:00:00,226.852727272727,313.772727272727,11.81,14.5473444829734,81.3440099066356,2020-07-13 06:30:00,313.772727272727
"10","VAUL",2020-07-13 06:45:00,79.5935158551438,2020-07-12 08:00:00,226.463636363636,314.245454545455,11.7036363636364,14.5410671138035,79.5935158551438,2020-07-13 06:45:00,314.245454545455
"11","VAUL",2020-07-13 07:00:00,83.0945039580693,2020-07-12 08:00:00,226.616363636364,314.418181818182,11.8427272727273,14.6009874558802,83.0945039580693,2020-07-13 07:00:00,314.418181818182
"12","VAUL",2020-07-13 07:15:00,84.8449980095029,2020-07-12 08:00:00,226.640909090909,314.909090909091,12.5345454545455,14.5798726686722,84.8449980095029,2020-07-13 07:15:00,314.909090909091
"13","VAUL",2020-07-13 07:30:00,84.8449980095029,2020-07-12 08:00:00,226.741818181818,315.3,12.0490909090909,14.4178024101028,84.8449980095029,2020-07-13 07:30:00,315.3
"14","VAUL",2020-07-13 07:45:00,84.8449980095029,2020-07-12 08:00:00,226.764545454545,315.672727272727,12.4581818181818,14.4297864785182,84.8449980095029,2020-07-13 07:45:00,315.672727272727
"15","VAUL",2020-07-13 08:00:00,90.0964801639202,2020-07-13 08:00:00,226.88,316.2,11.7681818181818,14.3727194860642,90.0964801639202,2020-07-13 08:00:00,316.2
"16","VAUL",2020-07-13 08:15:00,91.846974215412,2020-07-13 08:00:00,227.123636363636,316.872727272727,11.8881818181818,14.3379086206673,91.846974215412,2020-07-13 08:15:00,316.872727272727
"17","VAUL",2020-07-13 08:30:00,91.846974215412,2020-07-13 08:00:00,227.498181818182,317.327272727273,13.2054545454545,14.4457652364053,91.846974215412,2020-07-13 08:30:00,317.327272727273
"18","VAUL",2020-07-13 08:45:00,90.0964801639202,2020-07-13 08:00:00,227.675454545455,318.081818181818,12.3363636363636,14.3527460387053,90.0964801639202,2020-07-13 08:45:00,318.081818181818
"19","VAUL",2020-07-13 09:00:00,97.0984563697712,2020-07-13 08:00:00,227.82,318.636363636364,12.0845454545455,14.3784261853096,97.0984563697712,2020-07-13 09:00:00,318.636363636364
"20","VAUL",2020-07-13 09:15:00,97.0984563697712,2020-07-13 08:00:00,227.797272727273,319.345454545455,11.7381818181818,14.3595940777997,97.0984563697712,2020-07-13 09:15:00,319.345454545455
"21","VAUL",2020-07-13 09:30:00,97.0984563697712,2020-07-13 08:00:00,227.884545454545,319.9,11.8690909090909,14.2905430169304,97.0984563697712,2020-07-13 09:30:00,319.9
"22","VAUL",2020-07-13 09:45:00,95.3479623183375,2020-07-13 08:00:00,227.907272727273,320.554545454545,11.7281818181818,14.2620095207034,95.3479623183375,2020-07-13 09:45:00,320.554545454545
"23","VAUL",2020-07-13 10:00:00,95.3479623183375,2020-07-13 08:00:00,228.145454545455,321.1,11.8563636363636,14.2357587041746,95.3479623183375,2020-07-13 10:00:00,321.1
"24","VAUL",2020-07-13 10:15:00,97.0984563697712,2020-07-13 08:00:00,228.221818181818,321.472727272727,11.7627272727273,14.2962497161758,97.0984563697712,2020-07-13 10:15:00,321.472727272727
"25","VAUL",2020-07-13 10:30:00,97.0984563697712,2020-07-13 08:00:00,228.387272727273,321.7,11.4945454545455,14.2380413838727,97.0984563697712,2020-07-13 10:30:00,321.7
"26","VAUL",2020-07-13 10:45:00,100.599444472755,2020-07-13 08:00:00,228.56,322.154545454545,11.5,14.1855397508151,100.599444472755,2020-07-13 10:45:00,322.154545454545
"27","VAUL",2020-07-13 11:00:00,104.100432575622,2020-07-13 08:00:00,228.552727272727,322.445454545455,12.9409090909091,14.2197799462875,104.100432575622,2020-07-13 11:00:00,322.445454545455
"28","VAUL",2020-07-13 11:15:00,104.100432575622,2020-07-13 08:00:00,228.392727272727,322.8,13.2072727272727,14.1564355846635,104.100432575622,2020-07-13 11:15:00,322.8
"29","VAUL",2020-07-13 11:30:00,105.850926627114,2020-07-13 08:00:00,228.212727272727,322.936363636364,13.5418181818182,14.1204833794175,105.850926627114,2020-07-13 11:30:00,322.936363636364
"30","VAUL",2020-07-13 11:45:00,107.601420678606,2020-07-13 08:00:00,228.107272727273,323.472727272727,14.0745454545455,14.071405765907,107.601420678606,2020-07-13 11:45:00,323.472727272727
"31","VAUL",2020-07-13 12:00:00,111.102408781531,2020-07-13 08:00:00,228.497272727273,323.918181818182,13.2763636363636,14.0514323185481,111.102408781531,2020-07-13 12:00:00,323.918181818182
"32","VAUL",2020-07-13 12:15:00,112.852902833023,2020-07-13 08:00:00,228.775454545455,324.090909090909,12.5881818181818,14.0257521719438,112.852902833023,2020-07-13 12:15:00,324.090909090909
"33","VAUL",2020-07-13 12:30:00,114.603396884457,2020-07-13 08:00:00,228.988181818182,324.172727272727,12.8790909090909,13.9629784802444,114.603396884457,2020-07-13 12:30:00,324.172727272727
"34","VAUL",2020-07-13 12:45:00,116.35389093589,2020-07-13 08:00:00,229.080909090909,324.072727272727,12.1018181818182,13.8414257863174,116.35389093589,2020-07-13 12:45:00,324.072727272727
"35","VAUL",2020-07-13 13:00:00,119.854879038874,2020-07-13 08:00:00,229.144545454545,323.954545454545,11.8581818181818,13.8591165539781,119.854879038874,2020-07-13 13:00:00,323.954545454545
"36","VAUL",2020-07-13 13:15:00,119.854879038874,2020-07-13 08:00:00,229.170909090909,323.718181818182,13.3054545454545,13.7381345299756,119.854879038874,2020-07-13 13:15:00,323.718181818182
"37","VAUL",2020-07-13 13:30:00,123.3558671418,2020-07-13 08:00:00,229.170909090909,323.427272727273,12.2027272727273,13.75753730741,123.3558671418,2020-07-13 13:30:00,323.427272727273
"38","VAUL",2020-07-13 13:45:00,125.106361193233,2020-07-13 08:00:00,228.729090909091,323.472727272727,11.8336363636364,13.7678093660517,125.106361193233,2020-07-13 13:45:00,323.472727272727
"39","VAUL",2020-07-13 14:00:00,125.106361193233,2020-07-13 08:00:00,228.623636363636,323.545454545455,14.0581818181818,13.729003811183,125.106361193233,2020-07-13 14:00:00,323.545454545455
"40","VAUL",2020-07-13 14:15:00,132.108337399142,2020-07-13 08:00:00,227.931818181818,323.227272727273,14.1527272727273,13.693051605937,132.108337399142,2020-07-13 14:15:00,323.227272727273
"41","VAUL",2020-07-13 14:30:00,142.611301707919,2020-07-13 08:00:00,221.033636363636,322.427272727273,17.4036363636364,13.4687783255927,142.611301707919,2020-07-13 14:30:00,322.427272727273
"42","VAUL",2020-07-13 14:45:00,140.860807656485,2020-07-13 08:00:00,214.343636363636,321.763636363636,26.4263636363636,13.4596476068001,140.860807656485,2020-07-13 14:45:00,321.763636363636
"43","VAUL",2020-07-13 15:00:00,146.112289810844,2020-07-13 08:00:00,223.509090909091,322.563636363636,16.1745454545455,13.3751884579681,146.112289810844,2020-07-13 15:00:00,322.563636363636
"44","VAUL",2020-07-13 15:15:00,151.363771965262,2020-07-13 08:00:00,225.501818181818,323.154545454545,15.5263636363636,13.4288314308749,151.363771965262,2020-07-13 15:15:00,323.154545454545
"45","VAUL",2020-07-13 15:30:00,154.864760068187,2020-07-13 08:00:00,224.988181818182,323.372727272727,17.4354545454545,13.4761970346117,154.864760068187,2020-07-13 15:30:00,323.372727272727
"46","VAUL",2020-07-13 15:45:00,160.116242222604,2020-07-13 08:00:00,224.711818181818,323.754545454545,17.4990909090909,13.4368208098184,160.116242222604,2020-07-13 15:45:00,323.754545454545
"47","VAUL",2020-07-13 16:00:00,172.369700582873,2020-07-13 08:00:00,224.164545454545,323.827272727273,16.2836363636364,13.3489376414393,172.369700582873,2020-07-13 16:00:00,323.827272727273
"48","VAUL",2020-07-13 16:15:00,179.371676788724,2020-07-13 08:00:00,223.685454545455,324.2,16.7463636363636,13.3911672158553,179.371676788724,2020-07-13 16:15:00,324.2
"49","VAUL",2020-07-13 16:30:00,181.122170840157,2020-07-13 08:00:00,222.972727272727,323.181818181818,17.71,13.3968739151007,181.122170840157,2020-07-13 16:30:00,323.181818181818
"50","VAUL",2020-07-13 16:45:00,188.124147046008,2020-07-13 08:00:00,222.161818181818,322.690909090909,18.7845454545455,13.336953573024,188.124147046008,2020-07-13 16:45:00,322.690909090909
"51","VAUL",2020-07-13 17:00:00,186.373652994575,2020-07-13 08:00:00,221.548181818182,322.381818181818,20.8654545454545,13.3403775925712,186.373652994575,2020-07-13 17:00:00,322.381818181818
"52","VAUL",2020-07-13 17:15:00,189.8746410975,2020-07-13 08:00:00,220.930909090909,322.118181818182,19.6809090909091,13.2353743264558,189.8746410975,2020-07-13 17:15:00,322.118181818182
"53","VAUL",2020-07-13 17:30:00,191.625135148992,2020-07-13 08:00:00,217.863636363636,321.672727272727,23.1790909090909,13.096130864868,191.625135148992,2020-07-13 17:30:00,321.672727272727
"54","VAUL",2020-07-13 17:45:00,191.625135148992,2020-07-13 08:00:00,206.975454545455,321.045454545455,35.2063636363636,12.8718575845238,191.625135148992,2020-07-13 17:45:00,321.045454545455
"55","VAUL",2020-07-13 18:00:00,195.126123251917,2020-07-13 08:00:00,193.490909090909,320.372727272727,73.1736363636364,12.4176043245899,195.126123251917,2020-07-13 18:00:00,320.372727272727
"56","VAUL",2020-07-13 18:15:00,198.627111354843,2020-07-13 08:00:00,190.723636363636,319.909090909091,81.9727272727273,12.4432844711942,198.627111354843,2020-07-13 18:15:00,319.909090909091
"57","VAUL",2020-07-13 18:30:00,203.87859350926,2020-07-13 08:00:00,196.596363636364,319.254545454545,54.8990909090909,12.4141803050427,203.87859350926,2020-07-13 18:30:00,319.254545454545
"58","VAUL",2020-07-13 18:45:00,207.379581612127,2020-07-13 08:00:00,201.71,317.7,39.4018181818182,12.4746713170439,207.379581612127,2020-07-13 18:45:00,317.7
"59","VAUL",2020-07-13 19:00:00,210.880569715111,2020-07-13 08:00:00,204.525454545455,316.1,40.1536363636364,12.2937689509647,210.880569715111,2020-07-13 19:00:00,316.1
"60","VAUL",2020-07-13 19:15:00,224.884522126871,2020-07-13 08:00:00,207.354545454545,315.018181818182,37.6854545454545,12.4484205005151,224.884522126871,2020-07-13 19:15:00,315.018181818182
"61","VAUL",2020-07-13 19:30:00,226.635016178305,2020-07-13 08:00:00,210.240909090909,314.572727272727,33.5954545454545,12.5317383094979,226.635016178305,2020-07-13 19:30:00,314.572727272727
"62","VAUL",2020-07-13 19:45:00,219.633039972396,2020-07-13 08:00:00,212.015454545455,314.090909090909,28.8390909090909,12.5208955809316,219.633039972396,2020-07-13 19:45:00,314.090909090909
"63","VAUL",2020-07-13 20:00:00,214.381557818037,2020-07-13 08:00:00,212.428181818182,313.2,28.8627272727273,12.583669272631,214.381557818037,2020-07-13 20:00:00,313.2
"64","VAUL",2020-07-13 20:15:00,237.137980487139,2020-07-13 08:00:00,211.971818181818,312.318181818182,30.5163636363636,12.6726937808593,237.137980487139,2020-07-13 20:15:00,312.318181818182
"65","VAUL",2020-07-13 20:30:00,256.393415053259,2020-07-13 08:00:00,211.094545454545,311.354545454545,28.9981818181818,12.5979360207445,256.393415053259,2020-07-13 20:30:00,311.354545454545
"66","VAUL",2020-07-13 20:45:00,268.646873413527,2020-07-13 08:00:00,209.926363636364,310.254545454545,29.4881818181818,12.5773919034611,268.646873413527,2020-07-13 20:45:00,310.254545454545
"67","VAUL",2020-07-13 21:00:00,277.399343670812,2020-07-13 08:00:00,208.718181818182,309.2,31.5645454545455,12.6578563628212,277.399343670812,2020-07-13 21:00:00,309.2
"68","VAUL",2020-07-13 21:15:00,284.401319876662,2020-07-13 08:00:00,207.425454545455,308.3,34.5418181818182,12.4763833268175,284.401319876662,2020-07-13 21:15:00,308.3
"69","VAUL",2020-07-13 21:30:00,291.403296082513,2020-07-13 08:00:00,205.418181818182,307.4,37.5345454545455,12.4803780162893,291.403296082513,2020-07-13 21:30:00,307.4
"70","VAUL",2020-07-13 21:45:00,294.904284185497,2020-07-13 08:00:00,203.391818181818,306.063636363636,37.6372727272727,12.6316055462924,294.904284185497,2020-07-13 21:45:00,306.063636363636
"71","VAUL",2020-07-13 22:00:00,305.407248494274,2020-07-13 08:00:00,201.281818181818,304.563636363636,39.2272727272727,12.4786660065157,305.407248494274,2020-07-13 22:00:00,304.563636363636
"72","VAUL",2020-07-13 22:15:00,305.407248494274,2020-07-13 08:00:00,198.341818181818,302.854545454545,43.6654545454545,12.4728777829954,305.407248494274,2020-07-13 22:15:00,302.854545454545
"73","VAUL",2020-07-13 22:30:00,310.658730648691,2020-07-13 08:00:00,195.355454545455,301.481818181818,48.5754545454545,12.5391570185169,310.658730648691,2020-07-13 22:30:00,301.481818181818
"74","VAUL",2020-07-13 22:45:00,317.660706854542,2020-07-13 08:00:00,194.13,300.4,49.0281818181818,12.511764862139,317.660706854542,2020-07-13 22:45:00,300.4
"75","VAUL",2020-07-13 23:00:00,322.912189008901,2020-07-13 08:00:00,193.241818181818,299.209090909091,50.3054545454545,12.5100528523654,322.912189008901,2020-07-13 23:00:00,299.209090909091
"76","VAUL",2020-07-13 23:15:00,322.912189008901,2020-07-13 08:00:00,191.870909090909,297.881818181818,52.2690909090909,12.462116578704,322.912189008901,2020-07-13 23:15:00,297.881818181818
"77","VAUL",2020-07-13 23:30:00,328.163671163376,2020-07-13 08:00:00,190.023636363636,296.3,55.3472727272727,12.3970602073065,328.163671163376,2020-07-13 23:30:00,296.3
"78","VAUL",2020-07-13 23:45:00,333.415153317736,2020-07-13 08:00:00,187.343636363636,294.681818181818,59.3627272727273,12.3662440313813,333.415153317736,2020-07-13 23:45:00,294.681818181818
"79","VAUL",2020-07-14 00:00:00,338.666635472153,2020-07-13 08:00:00,185.695454545455,293.118181818182,64.8036363636364,12.4484205005151,338.666635472153,2020-07-14 00:00:00,293.118181818182
"80","VAUL",2020-07-14 00:15:00,345.668611678004,2020-07-13 08:00:00,184.411818181818,291.463636363636,67.2081818181818,12.3867881486647,345.668611678004,2020-07-14 00:15:00,291.463636363636
"81","VAUL",2020-07-14 00:30:00,343.918117626512,2020-07-13 08:00:00,182.117272727273,289.4,72.9881818181818,12.390212168212,343.918117626512,2020-07-14 00:30:00,289.4
"82","VAUL",2020-07-14 00:45:00,349.169599780929,2020-07-13 08:00:00,180.042727272727,287.2,69.3790909090909,12.2720834938322,349.169599780929,2020-07-14 00:45:00,287.2
"83","VAUL",2020-07-14 01:00:00,349.169599780929,2020-07-13 08:00:00,178.473636363636,285.045454545455,80.0890909090909,12.3456999140978,349.169599780929,2020-07-14 01:00:00,285.045454545455
"84","VAUL",2020-07-14 01:15:00,352.670587883913,2020-07-13 08:00:00,177.44,282.909090909091,77.32,12.290915601342,352.670587883913,2020-07-14 01:15:00,282.909090909091
"85","VAUL",2020-07-14 01:30:00,357.922070038272,2020-07-13 08:00:00,176.188181818182,280.881818181818,76.3809090909091,12.340563884777,357.922070038272,2020-07-14 01:30:00,280.881818181818
"86","VAUL",2020-07-14 01:45:00,357.922070038272,2020-07-13 08:00:00,174.515454545455,278.881818181818,79.8309090909091,12.2686594742849,357.922070038272,2020-07-14 01:45:00,278.881818181818
"87","VAUL",2020-07-14 02:00:00,361.423058141198,2020-07-13 08:00:00,173.421818181818,276.854545454545,85.9390909090909,12.2309952592653,361.423058141198,2020-07-14 02:00:00,276.854545454545
"88","VAUL",2020-07-14 02:15:00,363.173552192689,2020-07-13 08:00:00,172.425454545455,274.581818181818,83.7236363636364,12.3782280997966,363.173552192689,2020-07-14 02:15:00,274.581818181818
"89","VAUL",2020-07-14 02:30:00,364.924046244123,2020-07-13 08:00:00,171.812727272727,272.363636363636,87.4581818181818,12.2429793276806,364.924046244123,2020-07-14 02:30:00,272.363636363636
"90","VAUL",2020-07-14 02:45:00,371.926022450032,2020-07-13 08:00:00,172.421818181818,270.181818181818,82.6090909090909,12.3508359434187,371.926022450032,2020-07-14 02:45:00,270.181818181818
"91","VAUL",2020-07-14 03:00:00,378.927998655883,2020-07-13 08:00:00,172.061818181818,268.118181818182,89.5781818181818,12.2327072690389,378.927998655883,2020-07-14 03:00:00,268.118181818182
"92","VAUL",2020-07-14 03:15:00,375.427010552899,2020-07-13 08:00:00,171.786363636364,266.063636363636,84.2772727272727,12.1214266337536,375.427010552899,2020-07-14 03:15:00,266.063636363636
"93","VAUL",2020-07-14 03:30:00,380.678492707317,2020-07-13 08:00:00,171.531818181818,263.881818181818,84.8254545454545,11.9741937932223,380.678492707317,2020-07-14 03:30:00,263.881818181818
"94","VAUL",2020-07-14 03:45:00,398.183433222002,2020-07-13 08:00:00,157.706363636364,258.763636363636,105.392727272727,11.7173923271792,398.183433222002,2020-07-14 03:45:00,258.763636363636
"95","VAUL",2020-07-14 04:00:00,401.684421324928,2020-07-13 08:00:00,163.682727272727,256.190909090909,96.9436363636364,11.6061116918939,401.684421324928,2020-07-14 04:00:00,256.190909090909
"96","VAUL",2020-07-14 04:15:00,399.933927273494,2020-07-13 08:00:00,168.061818181818,254.845454545455,86.5745454545455,11.5444793400436,399.933927273494,2020-07-14 04:15:00,254.845454545455
"97","VAUL",2020-07-14 04:30:00,401.684421324928,2020-07-13 08:00:00,167.111818181818,252.263636363636,87.3063636363636,11.5068151250239,401.684421324928,2020-07-14 04:30:00,252.263636363636
"98","VAUL",2020-07-14 04:45:00,412.187385633762,2020-07-13 08:00:00,166.098181818182,249.472727272727,87.7245454545454,11.3373261574355,412.187385633762,2020-07-14 04:45:00,249.472727272727
"99","VAUL",2020-07-14 05:00:00,413.937879685196,2020-07-13 08:00:00,164.943636363636,246.681818181818,91.7354545454545,11.2380295905656,413.937879685196,2020-07-14 05:00:00,246.681818181818
"100","VAUL",2020-07-14 05:15:00,419.189361839613,2020-07-13 08:00:00,159.323636363636,244.1,96.5918181818182,11.1558531214318,419.189361839613,2020-07-14 05:15:00,244.1
"101","VAUL",2020-07-14 05:30:00,424.440843994031,2020-07-13 08:00:00,158.413636363636,241.8,101.996363636364,11.2123494439613,424.440843994031,2020-07-14 05:30:00,241.8
"102","VAUL",2020-07-14 05:45:00,427.941832096898,2020-07-13 08:00:00,158.814545454545,239.809090909091,107.780909090909,11.0719646425244,427.941832096898,2020-07-14 05:45:00,239.809090909091
"103","VAUL",2020-07-14 06:00:00,429.69232614839,2020-07-13 08:00:00,157.98,238.109090909091,99.4581818181818,10.9949242027115,429.69232614839,2020-07-14 06:00:00,238.109090909091
"104","VAUL",2020-07-14 06:15:00,431.442820199882,2020-07-13 08:00:00,156.328181818182,235.6,101.833636363636,10.888779596747,431.442820199882,2020-07-14 06:15:00,235.6
"105","VAUL",2020-07-14 06:30:00,434.943808302807,2020-07-13 08:00:00,154.477272727273,233.354545454545,107.007272727273,10.8408433230857,434.943808302807,2020-07-14 06:30:00,233.354545454545
"106","VAUL",2020-07-14 06:45:00,433.193314251315,2020-07-13 08:00:00,155.792727272727,231.072727272727,99.3636363636364,10.7655148930464,433.193314251315,2020-07-14 06:45:00,231.072727272727
"107","VAUL",2020-07-14 07:00:00,434.943808302807,2020-07-13 08:00:00,157.705454545455,229.309090909091,102.768181818182,10.7483947953102,434.943808302807,2020-07-14 07:00:00,229.309090909091
"108","VAUL",2020-07-14 07:15:00,438.444796405733,2020-07-13 08:00:00,158.966363636364,227.481818181818,91.42,10.8083151373869,438.444796405733,2020-07-14 07:15:00,227.481818181818
"109","VAUL",2020-07-14 07:30:00,441.945784508658,2020-07-13 08:00:00,160.298181818182,225.3,91.0145454545455,10.4025688210389,441.945784508658,2020-07-14 07:30:00,225.3
"110","VAUL",2020-07-14 07:45:00,440.195290457166,2020-07-13 08:00:00,161.505454545455,223.1,90.9209090909091,10.3580565669248,440.195290457166,2020-07-14 07:45:00,223.1
"111","VAUL",2020-07-14 08:00:00,436.694302354241,2020-07-14 08:00:00,162.066363636364,220.981818181818,87.9572727272727,10.3152563225843,436.694302354241,2020-07-14 08:00:00,220.981818181818
"112","VAUL",2020-07-14 08:15:00,436.694302354241,2020-07-14 08:00:00,163.52,218.8,88.08,10.28957617598,436.694302354241,2020-07-14 08:15:00,218.8
"113","VAUL",2020-07-14 08:30:00,436.694302354241,2020-07-14 08:00:00,164.709090909091,216.845454545455,82.86,10.3409364691886,436.694302354241,2020-07-14 08:30:00,216.845454545455
"114","VAUL",2020-07-14 08:45:00,440.195290457166,2020-07-14 08:00:00,165.261818181818,215.118181818182,90.3427272727273,10.2484879414131,440.195290457166,2020-07-14 08:45:00,215.118181818182
"115","VAUL",2020-07-14 09:00:00,434.943808302807,2020-07-14 08:00:00,166.569090909091,213.690909090909,84.5327272727273,10.09098304224,434.943808302807,2020-07-14 09:00:00,213.690909090909
"116","VAUL",2020-07-14 09:15:00,440.195290457166,2020-07-14 08:00:00,167.620909090909,212.263636363636,76.2936363636364,10.0207906415216,440.195290457166,2020-07-14 09:15:00,212.263636363636
"117","VAUL",2020-07-14 09:30:00,438.444796405733,2020-07-14 08:00:00,167.992727272727,210.954545454545,73.2354545454545,10.1132391692971,438.444796405733,2020-07-14 09:30:00,210.954545454545
"118","VAUL",2020-07-14 09:45:00,436.694302354241,2020-07-14 08:00:00,167.71,209.872727272727,84.8454545454545,10.0498948076731,436.694302354241,2020-07-14 09:45:00,209.872727272727
"119","VAUL",2020-07-14 10:00:00,431.442820199882,2020-07-14 08:00:00,167.534545454545,208.845454545455,78.9627272727273,10.0002465242381,431.442820199882,2020-07-14 10:00:00,208.845454545455
"120","VAUL",2020-07-14 10:15:00,436.694302354241,2020-07-14 08:00:00,167.820909090909,207.8,82.4490909090909,10.0875590226928,436.694302354241,2020-07-14 10:15:00,207.8
"121","VAUL",2020-07-14 10:30:00,431.442820199882,2020-07-14 08:00:00,167.936363636364,206.872727272727,80.9172727272727,9.77768525366751,431.442820199882,2020-07-14 10:30:00,206.872727272727
"122","VAUL",2020-07-14 10:45:00,436.694302354241,2020-07-14 08:00:00,168.06,205.663636363636,77.0272727272727,9.95744627989763,436.694302354241,2020-07-14 10:45:00,205.663636363636
"123","VAUL",2020-07-14 11:00:00,436.694302354241,2020-07-14 08:00:00,168.924545454545,204.6,76.7681818181818,9.90266196714179,436.694302354241,2020-07-14 11:00:00,204.6
"124","VAUL",2020-07-14 11:15:00,422.690349942539,2020-07-14 08:00:00,170.021818181818,203.563636363636,85.7254545454546,9.97456637763384,422.690349942539,2020-07-14 11:15:00,203.563636363636
"125","VAUL",2020-07-14 11:30:00,406.935903479287,2020-07-14 08:00:00,170.270909090909,202.527272727273,76.0009090909091,9.78453329276199,406.935903479287,2020-07-14 11:30:00,202.527272727273
"126","VAUL",2020-07-14 11:45:00,408.686397530779,2020-07-14 08:00:00,170.553636363636,201.481818181818,75.02,9.85814971302766,408.686397530779,2020-07-14 11:45:00,201.481818181818
"127","VAUL",2020-07-14 12:00:00,417.438867788122,2020-07-14 08:00:00,171.091818181818,200.363636363636,74.17,9.93519015284057,417.438867788122,2020-07-14 12:00:00,200.363636363636
"128","VAUL",2020-07-14 12:15:00,422.690349942539,2020-07-14 08:00:00,170.908181818182,199.436363636364,72.6036363636364,9.80336540027181,422.690349942539,2020-07-14 12:15:00,199.436363636364
"129","VAUL",2020-07-14 12:30:00,427.941832096898,2020-07-14 08:00:00,171.242727272727,198.6,78.3763636363636,9.79651736117733,427.941832096898,2020-07-14 12:30:00,198.6
"130","VAUL",2020-07-14 12:45:00,427.941832096898,2020-07-14 08:00:00,171.687272727273,197.763636363636,76.0636363636364,9.74173304842149,427.941832096898,2020-07-14 12:45:00,197.763636363636
"131","VAUL",2020-07-14 13:00:00,419.189361839613,2020-07-14 08:00:00,172.209090909091,197,68.8481818181818,9.82562152732888,419.189361839613,2020-07-14 13:00:00,197
"132","VAUL",2020-07-14 13:15:00,422.690349942539,2020-07-14 08:00:00,172.985454545455,196.472727272727,70.17,9.83246956642336,422.690349942539,2020-07-14 13:15:00,196.472727272727
"133","VAUL",2020-07-14 13:30:00,415.68837373663,2020-07-14 08:00:00,173.561818181818,196,69.0036363636364,9.98141441672832,415.68837373663,2020-07-14 13:30:00,196
"134","VAUL",2020-07-14 13:45:00,420.939855891047,2020-07-14 08:00:00,174.431818181818,195.381818181818,66.5109090909091,9.95231025057677,420.939855891047,2020-07-14 13:45:00,195.381818181818
"135","VAUL",2020-07-14 14:00:00,422.690349942539,2020-07-14 08:00:00,174.97,194.645454545455,66.5572727272727,9.73830902887425,422.690349942539,2020-07-14 14:00:00,194.645454545455
"136","VAUL",2020-07-14 14:15:00,406.935903479287,2020-07-14 08:00:00,175.790909090909,193.972727272727,68.9990909090909,9.79651736117733,406.935903479287,2020-07-14 14:15:00,193.972727272727
"137","VAUL",2020-07-14 14:30:00,419.189361839613,2020-07-14 08:00:00,176.69,193.445454545455,63.1527272727273,9.96771833853935,419.189361839613,2020-07-14 14:30:00,193.445454545455
"138","VAUL",2020-07-14 14:45:00,424.440843994031,2020-07-14 08:00:00,177.411818181818,192.963636363636,70.6990909090909,9.8102134393663,424.440843994031,2020-07-14 14:45:00,192.963636363636
"139","VAUL",2020-07-14 15:00:00,420.939855891047,2020-07-14 08:00:00,178.116363636364,192.381818181818,63.9609090909091,9.86328574234852,420.939855891047,2020-07-14 15:00:00,192.381818181818
"140","VAUL",2020-07-14 15:15:00,405.185409427853,2020-07-14 08:00:00,178.702727272727,191.9,69.8318181818182,10.0687269151829,405.185409427853,2020-07-14 15:15:00,191.9
"141","VAUL",2020-07-14 15:30:00,389.43096296466,2020-07-14 08:00:00,179.166363636364,191.572727272727,65.6918181818182,9.93690216261419,389.43096296466,2020-07-14 15:30:00,191.572727272727
"142","VAUL",2020-07-14 15:45:00,406.935903479287,2020-07-14 08:00:00,179.951818181818,191.2,61.5990909090909,9.93176613329333,406.935903479287,2020-07-14 15:45:00,191.2
"143","VAUL",2020-07-14 16:00:00,406.935903479287,2020-07-14 08:00:00,180.891818181818,190.736363636364,64.41,10.0070945633326,406.935903479287,2020-07-14 16:00:00,190.736363636364
"144","VAUL",2020-07-14 16:15:00,406.935903479287,2020-07-14 08:00:00,181.299090909091,190.372727272727,57.9172727272727,9.9797024069547,406.935903479287,2020-07-14 16:15:00,190.372727272727
"145","VAUL",2020-07-14 16:30:00,413.937879685196,2020-07-14 08:00:00,181.540909090909,189.7,61.5690909090909,10.0105185828799,413.937879685196,2020-07-14 16:30:00,189.7
"146","VAUL",2020-07-14 16:45:00,413.937879685196,2020-07-14 08:00:00,181.44,189.054545454545,61.4936363636364,10.019078631748,413.937879685196,2020-07-14 16:45:00,189.054545454545
"147","VAUL",2020-07-14 17:00:00,410.436891582271,2020-07-14 08:00:00,181.860909090909,188.481818181818,59.5272727272727,10.055030836994,410.436891582271,2020-07-14 17:00:00,188.481818181818
"148","VAUL",2020-07-14 17:15:00,408.686397530779,2020-07-14 08:00:00,182.298181818182,188.072727272727,58.2736363636364,10.1252232377124,408.686397530779,2020-07-14 17:15:00,188.072727272727
"149","VAUL",2020-07-14 17:30:00,405.185409427853,2020-07-14 08:00:00,183.325454545455,187.781818181818,62.4572727272727,10.0156546122007,405.185409427853,2020-07-14 17:30:00,187.781818181818
"150","VAUL",2020-07-14 17:45:00,394.682445119019,2020-07-14 08:00:00,183.663636363636,187.554545454545,58.2581818181818,10.0122305926535,394.682445119019,2020-07-14 17:45:00,187.554545454545
"151","VAUL",2020-07-14 18:00:00,392.931951067643,2020-07-14 08:00:00,184.286363636364,187.090909090909,52.0327272727273,10.0635908858621,392.931951067643,2020-07-14 18:00:00,187.090909090909
"152","VAUL",2020-07-14 18:15:00,384.179480810242,2020-07-14 08:00:00,184.9,186.7,54.0263636363636,10.0207906415216,384.179480810242,2020-07-14 18:15:00,186.7
"153","VAUL",2020-07-14 18:30:00,387.680468913168,2020-07-14 08:00:00,185.754545454545,186.4,52.6954545454545,10.1423433354486,387.680468913168,2020-07-14 18:30:00,186.4
"154","VAUL",2020-07-14 18:45:00,387.680468913168,2020-07-14 08:00:00,185.978181818182,186.063636363636,51.7509090909091,10.0670149054093,387.680468913168,2020-07-14 18:45:00,186.063636363636
"155","VAUL",2020-07-14 19:00:00,389.43096296466,2020-07-14 08:00:00,186.146363636364,185.981818181818,56.2754545454545,10.2433519120922,389.43096296466,2020-07-14 19:00:00,185.981818181818
"156","VAUL",2020-07-14 19:15:00,394.682445119019,2020-07-14 08:00:00,186.736363636364,185.7,51.2490909090909,10.2793041173382,394.682445119019,2020-07-14 19:15:00,185.7
"157","VAUL",2020-07-14 19:30:00,389.43096296466,2020-07-14 08:00:00,187.113636363636,185.545454545455,53.0490909090909,10.2861521564327,389.43096296466,2020-07-14 19:30:00,185.545454545455
"158","VAUL",2020-07-14 19:45:00,373.676516501524,2020-07-14 08:00:00,187.236363636364,185.509090909091,58.66,10.1354952963541,373.676516501524,2020-07-14 19:45:00,185.509090909091
"159","VAUL",2020-07-14 20:00:00,352.670587883913,2020-07-14 08:00:00,187.74,185.4,58.84,10.1714475016002,352.670587883913,2020-07-14 20:00:00,185.4
"160","VAUL",2020-07-14 20:15:00,380.678492707317,2020-07-14 08:00:00,187.831818181818,185.3,46.9054545454545,10.2467759316394,380.678492707317,2020-07-14 20:15:00,185.3
"161","VAUL",2020-07-14 20:30:00,384.179480810242,2020-07-14 08:00:00,188.385454545455,185.154545454545,57.8,10.2501999511867,384.179480810242,2020-07-14 20:30:00,185.154545454545
"162","VAUL",2020-07-14 20:45:00,382.428986758809,2020-07-14 08:00:00,189.128181818182,185.145454545455,49.12,10.2912881857536,382.428986758809,2020-07-14 20:45:00,185.145454545455
"163","VAUL",2020-07-14 21:00:00,389.43096296466,2020-07-14 08:00:00,189.386363636364,185.163636363636,48.4918181818182,10.1560394136376,389.43096296466,2020-07-14 21:00:00,185.163636363636
"164","VAUL",2020-07-14 21:15:00,385.929974861734,2020-07-14 08:00:00,189.562727272727,185.163636363636,48.0281818181818,10.3563445571511,385.929974861734,2020-07-14 21:15:00,185.163636363636
"165","VAUL",2020-07-14 21:30:00,385.929974861734,2020-07-14 08:00:00,190.015454545455,185.181818181818,53.8509090909091,10.3049842639425,385.929974861734,2020-07-14 21:30:00,185.181818181818
"166","VAUL",2020-07-14 21:45:00,382.428986758809,2020-07-14 08:00:00,190.490909090909,185.281818181818,47.22,10.2467759316394,382.428986758809,2020-07-14 21:45:00,185.281818181818
"167","VAUL",2020-07-14 22:00:00,378.927998655883,2020-07-14 08:00:00,190.995454545455,185.481818181818,46.1609090909091,10.375176664661,378.927998655883,2020-07-14 22:00:00,185.481818181818
"168","VAUL",2020-07-14 22:15:00,380.678492707317,2020-07-14 08:00:00,191.655454545455,185.6,43.5263636363636,10.3666166157929,380.678492707317,2020-07-14 22:15:00,185.6
"169","VAUL",2020-07-14 22:30:00,380.678492707317,2020-07-14 08:00:00,192.468181818182,185.6,44.5609090909091,10.3991448014916,380.678492707317,2020-07-14 22:30:00,185.6
"170","VAUL",2020-07-14 22:45:00,377.177504604391,2020-07-14 08:00:00,192.984545454545,185.5,44.9245454545455,10.3649046060192,377.177504604391,2020-07-14 22:45:00,185.5
"171","VAUL",2020-07-14 23:00:00,380.678492707317,2020-07-14 08:00:00,193.529090909091,185.6,43.0681818181818,10.1423433354486,380.678492707317,2020-07-14 23:00:00,185.6
"172","VAUL",2020-07-14 23:15:00,382.428986758809,2020-07-14 08:00:00,193.844545454545,185.7,46.3981818181818,10.3221043616787,382.428986758809,2020-07-14 23:15:00,185.7
"173","VAUL",2020-07-14 23:30:00,380.678492707317,2020-07-14 08:00:00,194.015454545455,185.7,51.1836363636364,10.3460724985094,380.678492707317,2020-07-14 23:30:00,185.7
"174","VAUL",2020-07-14 23:45:00,384.179480810242,2020-07-14 08:00:00,194.380909090909,185.7,42.7409090909091,10.3203923519051,384.179480810242,2020-07-14 23:45:00,185.7
"175","VAUL",2020-07-15 00:00:00,380.678492707317,2020-07-14 08:00:00,195.080909090909,185.7,47.3972727272727,10.2930001955272,380.678492707317,2020-07-15 00:00:00,185.7
"176","VAUL",2020-07-15 00:15:00,373.676516501524,2020-07-14 08:00:00,195.556363636364,185.7,41.6254545454545,10.2056876970726,373.676516501524,2020-07-15 00:15:00,185.7
"177","VAUL",2020-07-15 00:30:00,375.427010552899,2020-07-14 08:00:00,196.143636363636,185.609090909091,42.5763636363636,10.1834315700155,375.427010552899,2020-07-15 00:30:00,185.609090909091
"178","VAUL",2020-07-15 00:45:00,375.427010552899,2020-07-14 08:00:00,196.063636363636,185.572727272727,43.4327272727273,10.2450639218658,375.427010552899,2020-07-15 00:45:00,185.572727272727
"179","VAUL",2020-07-15 01:00:00,371.926022450032,2020-07-14 08:00:00,196.112727272727,185.563636363636,43.8745454545455,10.311832303037,371.926022450032,2020-07-15 01:00:00,185.563636363636
"180","VAUL",2020-07-15 01:15:00,368.425034347048,2020-07-14 08:00:00,196.202727272727,185.472727272727,40.6581818181818,10.2193837752615,368.425034347048,2020-07-15 01:15:00,185.472727272727
"181","VAUL",2020-07-15 01:30:00,370.17552839854,2020-07-14 08:00:00,195.957272727273,185.481818181818,45.1527272727273,10.2793041173382,370.17552839854,2020-07-15 01:30:00,185.481818181818
"182","VAUL",2020-07-15 01:45:00,366.674540295615,2020-07-14 08:00:00,195.694545454545,185.454545454545,42.5454545454545,10.2570479902812,366.674540295615,2020-07-15 01:45:00,185.454545454545
"183","VAUL",2020-07-15 02:00:00,368.425034347048,2020-07-14 08:00:00,195.806363636364,185.4,42.7009090909091,10.2536239707339,368.425034347048,2020-07-15 02:00:00,185.4
"184","VAUL",2020-07-15 02:15:00,368.425034347048,2020-07-14 08:00:00,196.064545454545,185.409090909091,42.42,10.2604720098284,368.425034347048,2020-07-15 02:15:00,185.409090909091
"185","VAUL",2020-07-15 02:30:00,366.674540295615,2020-07-14 08:00:00,196.313636363636,185.481818181818,40.7418181818182,10.3238163714524,366.674540295615,2020-07-15 02:30:00,185.481818181818
"186","VAUL",2020-07-15 02:45:00,359.672564089764,2020-07-14 08:00:00,196.434545454545,185.427272727273,43.7281818181818,10.3049842639425,359.672564089764,2020-07-15 02:45:00,185.427272727273
"187","VAUL",2020-07-15 03:00:00,359.672564089764,2020-07-14 08:00:00,196.747272727273,185.509090909091,42.7872727272727,10.311832303037,359.672564089764,2020-07-15 03:00:00,185.509090909091
"188","VAUL",2020-07-15 03:15:00,357.922070038272,2020-07-14 08:00:00,197.126363636364,185.572727272727,44.9645454545455,10.3426484789622,357.922070038272,2020-07-15 03:15:00,185.572727272727
"189","VAUL",2020-07-15 03:30:00,357.922070038272,2020-07-14 08:00:00,197.504545454545,185.663636363636,39.5718181818182,10.2930001955272,357.922070038272,2020-07-15 03:30:00,185.663636363636
"190","VAUL",2020-07-15 03:45:00,356.17157598678,2020-07-14 08:00:00,198.1,185.7,44.0272727272727,10.2159597557143,356.17157598678,2020-07-15 03:45:00,185.7
"191","VAUL",2020-07-15 04:00:00,354.421081935347,2020-07-14 08:00:00,198.517272727273,185.809090909091,42.6136363636364,10.347784508283,354.421081935347,2020-07-15 04:00:00,185.809090909091
"192","VAUL",2020-07-15 04:15:00,356.17157598678,2020-07-14 08:00:00,198.854545454545,185.963636363636,44.6118181818182,10.311832303037,356.17157598678,2020-07-15 04:15:00,185.963636363636
"193","VAUL",2020-07-15 04:30:00,347.419105729496,2020-07-14 08:00:00,198.067272727273,186.081818181818,42.7063636363636,10.325528381226,347.419105729496,2020-07-15 04:30:00,186.081818181818
"194","VAUL",2020-07-15 04:45:00,349.169599780929,2020-07-14 08:00:00,197.156363636364,186.163636363636,44.1863636363636,10.3203923519051,349.169599780929,2020-07-15 04:45:00,186.163636363636
"195","VAUL",2020-07-15 05:00:00,352.670587883913,2020-07-14 08:00:00,198.026363636364,186.263636363636,43.8172727272727,10.3135443128106,352.670587883913,2020-07-15 05:00:00,186.263636363636
"196","VAUL",2020-07-15 05:15:00,349.169599780929,2020-07-14 08:00:00,199.679090909091,186.3,41.9245454545455,10.3032722541689,349.169599780929,2020-07-15 05:15:00,186.3
"197","VAUL",2020-07-15 05:30:00,350.920093832421,2020-07-14 08:00:00,201.306363636364,186.563636363636,38.14,10.1885675993364,350.920093832421,2020-07-15 05:30:00,186.563636363636
"198","VAUL",2020-07-15 05:45:00,345.668611678004,2020-07-14 08:00:00,202.030909090909,186.6,38.48,10.2245198045824,345.668611678004,2020-07-15 05:45:00,186.6
"199","VAUL",2020-07-15 06:00:00,347.419105729496,2020-07-14 08:00:00,202.399090909091,186.645454545455,37.1072727272727,10.3717526451137,347.419105729496,2020-07-15 06:00:00,186.645454545455
"200","VAUL",2020-07-15 06:15:00,347.419105729496,2020-07-14 08:00:00,203.050909090909,186.9,37.0154545454545,10.2553359805076,347.419105729496,2020-07-15 06:15:00,186.9
"201","VAUL",2020-07-15 06:30:00,342.167623575078,2020-07-14 08:00:00,203.615454545455,187,38.68,10.2519119609603,342.167623575078,2020-07-15 06:30:00,187
"202","VAUL",2020-07-15 06:45:00,338.666635472153,2020-07-14 08:00:00,204.085454545455,187.136363636364,38.6609090909091,10.262184019602,338.666635472153,2020-07-15 06:45:00,187.136363636364
"203","VAUL",2020-07-15 07:00:00,340.417129523645,2020-07-14 08:00:00,204.277272727273,187.290909090909,35.3518181818182,10.2998482346217,340.417129523645,2020-07-15 07:00:00,187.290909090909
"204","VAUL",2020-07-15 07:15:00,340.417129523645,2020-07-14 08:00:00,204.979090909091,187.472727272727,36.5945454545455,10.4196889187751,340.417129523645,2020-07-15 07:15:00,187.472727272727
"205","VAUL",2020-07-15 07:30:00,336.916141420661,2020-07-14 08:00:00,205.417272727273,187.709090909091,36.9636363636364,10.4402330360585,336.916141420661,2020-07-15 07:30:00,187.709090909091
"206","VAUL",2020-07-15 07:45:00,335.165647369227,2020-07-14 08:00:00,205.69,187.863636363636,36.12,10.3546325473775,335.165647369227,2020-07-15 07:45:00,187.863636363636
"207","VAUL",2020-07-15 08:00:00,338.666635472153,2020-07-15 08:00:00,206.048181818182,187.963636363636,36.5409090909091,10.4898813194935,338.666635472153,2020-07-15 08:00:00,187.963636363636
"208","VAUL",2020-07-15 08:15:00,345.668611678004,2020-07-15 08:00:00,206.426363636364,188.163636363636,34.2118181818182,10.3443604887358,345.668611678004,2020-07-15 08:15:00,188.163636363636
"209","VAUL",2020-07-15 08:30:00,333.415153317736,2020-07-15 08:00:00,206.956363636364,188.354545454545,36.4918181818182,10.3101202932634,333.415153317736,2020-07-15 08:30:00,188.354545454545
"210","VAUL",2020-07-15 08:45:00,335.165647369227,2020-07-15 08:00:00,207.526363636364,188.5,32.4381818181818,10.4487930849266,335.165647369227,2020-07-15 08:45:00,188.5
"211","VAUL",2020-07-15 09:00:00,331.664659266302,2020-07-15 08:00:00,207.948181818182,188.681818181818,31.8445454545455,10.4179769090015,331.664659266302,2020-07-15 09:00:00,188.681818181818
"212","VAUL",2020-07-15 09:15:00,333.415153317736,2020-07-15 08:00:00,208.314545454545,188.9,33.2436363636364,10.3700406353401,333.415153317736,2020-07-15 09:15:00,188.9
"213","VAUL",2020-07-15 09:30:00,331.664659266302,2020-07-15 08:00:00,208.117272727273,188.927272727273,33.8981818181818,10.4162648992279,331.664659266302,2020-07-15 09:30:00,188.927272727273
"214","VAUL",2020-07-15 09:45:00,328.163671163376,2020-07-15 08:00:00,208.48,188.836363636364,32.6145454545455,10.2981362248481,328.163671163376,2020-07-15 09:45:00,188.836363636364
"215","VAUL",2020-07-15 10:00:00,326.413177111885,2020-07-15 08:00:00,208.707272727273,188.781818181818,32.26,10.3888727428499,326.413177111885,2020-07-15 10:00:00,188.781818181818
"216","VAUL",2020-07-15 10:15:00,326.413177111885,2020-07-15 08:00:00,209.214545454545,188.854545454545,33.8763636363636,10.4590651435684,326.413177111885,2020-07-15 10:15:00,188.854545454545
"217","VAUL",2020-07-15 10:30:00,321.161694957525,2020-07-15 08:00:00,209.432727272727,189.063636363636,31.7581818181818,10.5361055833813,321.161694957525,2020-07-15 10:30:00,189.063636363636
"218","VAUL",2020-07-15 10:45:00,317.660706854542,2020-07-15 08:00:00,208.409090909091,189.272727272727,36.9209090909091,10.4590651435684,317.660706854542,2020-07-15 10:45:00,189.272727272727
"219","VAUL",2020-07-15 11:00:00,317.660706854542,2020-07-15 08:00:00,209.675454545455,189.672727272727,32.3327272727273,10.5395296029285,317.660706854542,2020-07-15 11:00:00,189.672727272727
"220","VAUL",2020-07-15 11:15:00,303.656754442782,2020-07-15 08:00:00,210.849090909091,189.981818181818,31.0463636363636,10.560073720212,303.656754442782,2020-07-15 11:15:00,189.981818181818
"221","VAUL",2020-07-15 11:30:00,294.904284185497,2020-07-15 08:00:00,211.507272727273,190.3,33.4972727272727,10.6005912848543,294.904284185497,2020-07-15 11:30:00,190.3
"222","VAUL",2020-07-15 11:45:00,294.904284185497,2020-07-15 08:00:00,211.677272727273,190.5,30.09,10.450749667525,294.904284185497,2020-07-15 11:45:00,190.5
"223","VAUL",2020-07-15 12:00:00,298.405272288423,2020-07-15 08:00:00,211.892727272727,190.863636363636,29.6036363636364,10.5203170488023,298.405272288423,2020-07-15 12:00:00,190.863636363636
"224","VAUL",2020-07-15 12:15:00,303.656754442782,2020-07-15 08:00:00,211.704545454545,191.009090909091,32.8618181818182,10.4402330360585,303.656754442782,2020-07-15 12:15:00,191.009090909091
"225","VAUL",2020-07-15 12:30:00,308.908236597257,2020-07-15 08:00:00,211.786363636364,191.309090909091,31.6490909090909,10.5058600773806,308.908236597257,2020-07-15 12:30:00,191.309090909091
"226","VAUL",2020-07-15 12:45:00,307.157742545765,2020-07-15 08:00:00,211.969090909091,191.572727272727,31.8036363636364,10.3468333917421,307.157742545765,2020-07-15 12:45:00,191.572727272727
"227","VAUL",2020-07-15 13:00:00,300.155766339914,2020-07-15 08:00:00,212.113636363636,191.781818181818,31.25,10.5228764169487,300.155766339914,2020-07-15 13:00:00,191.781818181818
"228","VAUL",2020-07-15 13:15:00,298.405272288423,2020-07-15 08:00:00,212.196363636364,191.981818181818,30.8954545454545,10.5611009260761,298.405272288423,2020-07-15 13:15:00,191.981818181818
"229","VAUL",2020-07-15 13:30:00,298.405272288423,2020-07-15 08:00:00,212.515454545455,192.236363636364,31.5954545454545,10.5281162044377,298.405272288423,2020-07-15 13:30:00,192.236363636364
"230","VAUL",2020-07-15 13:45:00,294.904284185497,2020-07-15 08:00:00,212.055454545455,192.418181818182,31.5809090909091,10.5127081164751,294.904284185497,2020-07-15 13:45:00,192.418181818182
"231","VAUL",2020-07-15 14:00:00,294.904284185497,2020-07-15 08:00:00,212.063636363636,192.6,34.6163636363636,10.5018653879089,294.904284185497,2020-07-15 14:00:00,192.6
"232","VAUL",2020-07-15 14:15:00,310.658730648691,2020-07-15 08:00:00,212.180909090909,192.618181818182,31.9572727272727,10.5459107302666,310.658730648691,2020-07-15 14:15:00,192.618181818182
"233","VAUL",2020-07-15 14:30:00,308.908236597257,2020-07-15 08:00:00,212.148181818182,192.772727272727,29.9581818181818,10.5964063720744,308.908236597257,2020-07-15 14:30:00,192.772727272727
"234","VAUL",2020-07-15 14:45:00,301.906260391348,2020-07-15 08:00:00,212.147272727273,192.972727272727,32.5218181818182,10.5246921848904,301.906260391348,2020-07-15 14:45:00,192.972727272727
"235","VAUL",2020-07-15 15:00:00,291.403296082513,2020-07-15 08:00:00,213.22,193.318181818182,32.1718181818182,10.5994499450052,291.403296082513,2020-07-15 15:00:00,193.318181818182
"236","VAUL",2020-07-15 15:15:00,289.65280203108,2020-07-15 08:00:00,213.187272727273,193.590909090909,30.7027272727273,10.5988792750807,289.65280203108,2020-07-15 15:15:00,193.590909090909
"237","VAUL",2020-07-15 15:30:00,277.399343670812,2020-07-15 08:00:00,213.13,193.745454545455,30.3418181818182,10.5720577886273,277.399343670812,2020-07-15 15:30:00,193.745454545455
"238","VAUL",2020-07-15 15:45:00,286.151813928154,2020-07-15 08:00:00,212.880909090909,193.981818181818,29.32,10.6068686540242,286.151813928154,2020-07-15 15:45:00,193.981818181818
"239","VAUL",2020-07-15 16:00:00,282.650825825229,2020-07-15 08:00:00,212.397272727273,194.2,27.82,10.5669217593064,282.650825825229,2020-07-15 16:00:00,194.2
"240","VAUL",2020-07-15 16:15:00,282.650825825229,2020-07-15 08:00:00,212.385454545455,194.545454545455,28.2418181818182,10.6873331133844,282.650825825229,2020-07-15 16:15:00,194.545454545455
"241","VAUL",2020-07-15 16:30:00,280.900331773737,2020-07-15 08:00:00,212.519090909091,194.881818181818,28.7763636363636,10.7974724088206,280.900331773737,2020-07-15 16:30:00,194.881818181818
"242","VAUL",2020-07-15 16:45:00,268.646873413527,2020-07-15 08:00:00,212.433636363636,195.2,27.9809090909091,10.8899209365961,268.646873413527,2020-07-15 16:45:00,195.2
"243","VAUL",2020-07-15 17:00:00,270.397367464961,2020-07-15 08:00:00,212.515454545455,195.481818181818,27.4627272727273,10.8123098268586,270.397367464961,2020-07-15 17:00:00,195.481818181818
"244","VAUL",2020-07-15 17:15:00,277.399343670812,2020-07-15 08:00:00,212.944545454545,195.8,28.1681818181818,10.7466827855366,277.399343670812,2020-07-15 17:15:00,195.8
"245","VAUL",2020-07-15 17:30:00,284.401319876662,2020-07-15 08:00:00,212.766363636364,196.1,27.7063636363636,10.9070410343323,284.401319876662,2020-07-15 17:30:00,196.1
"246","VAUL",2020-07-15 17:45:00,289.65280203108,2020-07-15 08:00:00,212.560909090909,196.272727272727,30.6918181818182,10.8745128486336,289.65280203108,2020-07-15 17:45:00,196.272727272727
"247","VAUL",2020-07-15 18:00:00,289.65280203108,2020-07-15 08:00:00,212.292727272727,196.327272727273,28.1590909090909,10.8431260027838,289.65280203108,2020-07-15 18:00:00,196.327272727273
"248","VAUL",2020-07-15 18:15:00,286.151813928154,2020-07-15 08:00:00,211.835454545455,196.5,28.0381818181818,10.9275851516158,286.151813928154,2020-07-15 18:15:00,196.5
"249","VAUL",2020-07-15 18:30:00,284.401319876662,2020-07-15 08:00:00,211.642727272727,196.781818181818,28.7645454545455,10.9915001831642,284.401319876662,2020-07-15 18:30:00,196.781818181818
"250","VAUL",2020-07-15 18:45:00,282.650825825229,2020-07-15 08:00:00,211.520909090909,197.063636363636,26.9036363636364,10.9480151349143,282.650825825229,2020-07-15 18:45:00,197.063636363636
"251","VAUL",2020-07-15 19:00:00,280.900331773737,2020-07-15 08:00:00,211.191818181818,197.345454545455,29.5036363636364,10.9601133373146,280.900331773737,2020-07-15 19:00:00,197.345454545455
"252","VAUL",2020-07-15 19:15:00,280.900331773737,2020-07-15 08:00:00,210.788181818182,197.7,29.4981818181818,10.9623960170127,280.900331773737,2020-07-15 19:15:00,197.7
"253","VAUL",2020-07-15 19:30:00,282.650825825229,2020-07-15 08:00:00,210.515454545455,197.981818181818,28.3854545454545,11.1486626803826,282.650825825229,2020-07-15 19:30:00,197.981818181818
"254","VAUL",2020-07-15 19:45:00,279.149837722303,2020-07-15 08:00:00,210.519090909091,198.3,29.68,11.2484918725155,279.149837722303,2020-07-15 19:45:00,198.3
"255","VAUL",2020-07-15 20:00:00,279.149837722303,2020-07-15 08:00:00,210.818181818182,198.6,29.0627272727273,11.2922432333969,279.149837722303,2020-07-15 20:00:00,198.6
"256","VAUL",2020-07-15 20:15:00,273.898355567886,2020-07-15 08:00:00,210.884545454545,198.954545454545,30.0618181818182,11.2100667642631,273.898355567886,2020-07-15 20:15:00,198.954545454545
"257","VAUL",2020-07-15 20:30:00,275.648849619378,2020-07-15 08:00:00,211.073636363636,199.3,30.0618181818182,11.2728404559625,275.648849619378,2020-07-15 20:30:00,199.3
"258","VAUL",2020-07-15 20:45:00,277.399343670812,2020-07-15 08:00:00,211.335454545455,199.563636363636,33.5790909090909,11.1815332680361,277.399343670812,2020-07-15 20:45:00,199.563636363636
"259","VAUL",2020-07-15 21:00:00,275.648849619378,2020-07-15 08:00:00,211.34,199.8,27.9181818181818,11.3270540987938,275.648849619378,2020-07-15 21:00:00,199.8
"260","VAUL",2020-07-15 21:15:00,272.147861516394,2020-07-15 08:00:00,211.391818181818,200.136363636364,29.1227272727273,11.3498808957754,272.147861516394,2020-07-15 21:15:00,200.136363636364
"261","VAUL",2020-07-15 21:30:00,270.397367464961,2020-07-15 08:00:00,211.263636363636,200.4,28.1945454545455,11.2494429890564,270.397367464961,2020-07-15 21:30:00,200.4
"262","VAUL",2020-07-15 21:45:00,272.147861516394,2020-07-15 08:00:00,211.316363636364,200.745454545455,31.0945454545455,11.3116460108312,272.147861516394,2020-07-15 21:45:00,200.745454545455
"263","VAUL",2020-07-15 22:00:00,268.646873413527,2020-07-15 08:00:00,211.371818181818,201.072727272727,26.36,11.3806970717006,268.646873413527,2020-07-15 22:00:00,201.072727272727
"264","VAUL",2020-07-15 22:15:00,272.147861516394,2020-07-15 08:00:00,211.253636363636,201.254545454545,28.22,11.3418915168319,272.147861516394,2020-07-15 22:15:00,201.254545454545
"265","VAUL",2020-07-15 22:30:00,266.896379362035,2020-07-15 08:00:00,211.382727272727,201.663636363636,26.8690909090909,11.351592905549,266.896379362035,2020-07-15 22:30:00,201.663636363636
"266","VAUL",2020-07-15 22:45:00,266.896379362035,2020-07-15 08:00:00,211.729090909091,201.927272727273,28.9972727272727,11.4172199468712,266.896379362035,2020-07-15 22:45:00,201.927272727273
"267","VAUL",2020-07-15 23:00:00,266.896379362035,2020-07-15 08:00:00,212.271818181818,202.181818181818,27.6036363636364,11.3070806514349,266.896379362035,2020-07-15 23:00:00,202.181818181818
"268","VAUL",2020-07-15 23:15:00,261.644897207618,2020-07-15 08:00:00,212.706363636364,202.436363636364,28.6581818181818,11.5142338340429,261.644897207618,2020-07-15 23:15:00,202.436363636364
"269","VAUL",2020-07-15 23:30:00,259.894403156126,2020-07-15 08:00:00,213.094545454545,202.672727272727,26.3736363636364,11.4309160250601,259.894403156126,2020-07-15 23:30:00,202.672727272727
"270","VAUL",2020-07-15 23:45:00,261.644897207618,2020-07-15 08:00:00,213.353636363636,202.936363636364,25.0627272727273,11.4468947829472,261.644897207618,2020-07-15 23:45:00,202.936363636364
"271","VAUL",2020-07-16 00:00:00,259.894403156126,2020-07-15 08:00:00,213.420909090909,203.2,24.1472727272727,11.4132252573993,259.894403156126,2020-07-16 00:00:00,203.2
"272","VAUL",2020-07-16 00:15:00,254.642921001767,2020-07-15 08:00:00,213.379090909091,203.4,30.0572727272727,11.6323625084227,254.642921001767,2020-07-16 00:15:00,203.4
"273","VAUL",2020-07-16 00:30:00,254.642921001767,2020-07-15 08:00:00,213.594545454545,203.609090909091,23.9372727272727,11.3561582649454,254.642921001767,2020-07-16 00:30:00,203.609090909091
"274","VAUL",2020-07-16 00:45:00,258.143909104692,2020-07-15 08:00:00,214.005454545455,203.872727272727,24.3345454545455,11.5752955159687,258.143909104692,2020-07-16 00:45:00,203.872727272727
"275","VAUL",2020-07-16 01:00:00,254.642921001767,2020-07-15 08:00:00,214.364545454545,204,27.6845454545455,11.5667354671006,254.642921001767,2020-07-16 01:00:00,204
"276","VAUL",2020-07-16 01:15:00,254.642921001767,2020-07-15 08:00:00,214.582727272727,204.263636363636,22.4918181818182,11.4548841618908,254.642921001767,2020-07-16 01:15:00,204.263636363636
"277","VAUL",2020-07-16 01:30:00,252.892426950275,2020-07-15 08:00:00,214.891818181818,204.463636363636,24.3236363636364,11.5376313009491,252.892426950275,2020-07-16 01:30:00,204.463636363636
"278","VAUL",2020-07-16 01:45:00,252.892426950275,2020-07-15 08:00:00,215.21,204.709090909091,23.6809090909091,11.4828469881933,252.892426950275,2020-07-16 01:45:00,204.709090909091
"279","VAUL",2020-07-16 02:00:00,249.391438847349,2020-07-15 08:00:00,215.152727272727,205.045454545455,23.2481818181818,11.4771402889479,249.391438847349,2020-07-16 02:00:00,205.045454545455
"280","VAUL",2020-07-16 02:15:00,252.892426950275,2020-07-15 08:00:00,215.312727272727,205.381818181818,22.8318181818182,11.5410553204963,252.892426950275,2020-07-16 02:15:00,205.381818181818
"281","VAUL",2020-07-16 02:30:00,249.391438847349,2020-07-15 08:00:00,215.350909090909,205.718181818182,24.3409090909091,11.4999670859295,249.391438847349,2020-07-16 02:30:00,205.718181818182
"282","VAUL",2020-07-16 02:45:00,249.391438847349,2020-07-15 08:00:00,215.65,206.027272727273,24.5281818181818,11.6369278678191,249.391438847349,2020-07-16 02:45:00,206.027272727273
"283","VAUL",2020-07-16 03:00:00,249.391438847349,2020-07-15 08:00:00,216.131818181818,206.372727272727,24.6145454545455,11.4737162694006,249.391438847349,2020-07-16 03:00:00,206.372727272727
"284","VAUL",2020-07-16 03:15:00,244.13995669299,2020-07-15 08:00:00,216.553636363636,206.672727272727,22.9081818181818,11.6352158580455,244.13995669299,2020-07-16 03:15:00,206.672727272727
"285","VAUL",2020-07-16 03:30:00,251.141932898841,2020-07-15 08:00:00,216.923636363636,207.045454545455,24.7890909090909,11.5849969046859,251.141932898841,2020-07-16 03:30:00,207.045454545455
"286","VAUL",2020-07-16 03:45:00,247.640944795916,2020-07-15 08:00:00,217.179090909091,207.281818181818,22.5718181818182,11.5285005821565,247.640944795916,2020-07-16 03:45:00,207.281818181818
"287","VAUL",2020-07-16 04:00:00,244.13995669299,2020-07-15 08:00:00,217.371818181818,207.672727272727,21.6918181818182,11.5102391445712,244.13995669299,2020-07-16 04:00:00,207.672727272727
"288","VAUL",2020-07-16 04:15:00,245.890450744424,2020-07-15 08:00:00,217.836363636364,208.072727272727,22.5763636363636,11.5085271347976,245.890450744424,2020-07-16 04:15:00,208.072727272727
"289","VAUL",2020-07-16 04:30:00,244.13995669299,2020-07-15 08:00:00,218.195454545455,208.490909090909,22.6081818181818,11.7938620970676,244.13995669299,2020-07-16 04:30:00,208.490909090909
"290","VAUL",2020-07-16 04:45:00,244.13995669299,2020-07-15 08:00:00,218.335454545455,208.845454545455,21.42,11.5730128362706,244.13995669299,2020-07-16 04:45:00,208.845454545455
"291","VAUL",2020-07-16 05:00:00,240.638968590007,2020-07-15 08:00:00,218.535454545455,209.2,22.0818181818182,11.6477705963853,240.638968590007,2020-07-16 05:00:00,209.2
"292","VAUL",2020-07-16 05:15:00,235.387486435648,2020-07-15 08:00:00,218.817272727273,209.627272727273,21.6354545454545,11.5804315452896,235.387486435648,2020-07-16 05:15:00,209.627272727273
"293","VAUL",2020-07-16 05:30:00,238.888474538515,2020-07-15 08:00:00,219.100909090909,209.981818181818,22.0172727272727,11.7396484542363,238.888474538515,2020-07-16 05:30:00,209.981818181818
"294","VAUL",2020-07-16 05:45:00,240.638968590007,2020-07-15 08:00:00,219.333636363636,210.3,21.5254545454545,11.6808694520087,240.638968590007,2020-07-16 05:45:00,210.3
"295","VAUL",2020-07-16 06:00:00,242.389462641499,2020-07-15 08:00:00,219.507272727273,210.609090909091,21.2681818181818,11.6540479655553,242.389462641499,2020-07-16 06:00:00,210.609090909091
"296","VAUL",2020-07-16 06:15:00,240.638968590007,2020-07-15 08:00:00,219.487272727273,210.972727272727,21.0690909090909,11.6021170024221,240.638968590007,2020-07-16 06:15:00,210.972727272727
"297","VAUL",2020-07-16 06:30:00,235.387486435648,2020-07-15 08:00:00,219.637272727273,211.363636363636,21.2818181818182,11.7270937158964,235.387486435648,2020-07-16 06:30:00,211.363636363636
"298","VAUL",2020-07-16 06:45:00,231.886498332722,2020-07-15 08:00:00,219.593636363636,211.681818181818,23.2909090909091,11.6123890610639,231.886498332722,2020-07-16 06:45:00,211.681818181818
"299","VAUL",2020-07-16 07:00:00,231.886498332722,2020-07-15 08:00:00,219.604545454545,211.981818181818,23.1263636363636,11.6997015595185,231.886498332722,2020-07-16 07:00:00,211.981818181818
"300","VAUL",2020-07-16 07:15:00,231.886498332722,2020-07-15 08:00:00,219.832727272727,212.3,20.65,11.6631786843479,231.886498332722,2020-07-16 07:15:00,212.3
"301","VAUL",2020-07-16 07:30:00,233.636992384156,2020-07-15 08:00:00,220.217272727273,212.809090909091,20.39,11.5695888167234,233.636992384156,2020-07-16 07:30:00,212.809090909091
"302","VAUL",2020-07-16 07:45:00,231.886498332722,2020-07-15 08:00:00,220.320909090909,213.172727272727,21.7690909090909,11.6038290121958,231.886498332722,2020-07-16 07:45:00,213.172727272727
"303","VAUL",2020-07-16 08:00:00,231.886498332722,2020-07-16 08:00:00,220.397272727273,213.563636363636,21.6218181818182,11.5918449437804,231.886498332722,2020-07-16 08:00:00,213.563636363636
"304","VAUL",2020-07-16 08:15:00,226.635016178305,2020-07-16 08:00:00,220.696363636364,213.9,18.7954545454545,11.7128269677829,226.635016178305,2020-07-16 08:15:00,213.9
"305","VAUL",2020-07-16 08:30:00,228.385510229738,2020-07-16 08:00:00,220.895454545455,214.363636363636,27.1209090909091,11.7202456768019,228.385510229738,2020-07-16 08:30:00,214.363636363636
"306","VAUL",2020-07-16 08:45:00,230.13600428123,2020-07-16 08:00:00,221.268181818182,214.8,21.1636363636364,11.7259523760473,230.13600428123,2020-07-16 08:45:00,214.8
"307","VAUL",2020-07-16 09:00:00,224.884522126871,2020-07-16 08:00:00,221.692727272727,215.227272727273,19.8990909090909,11.608394371592,224.884522126871,2020-07-16 09:00:00,215.227272727273
"308","VAUL",2020-07-16 09:15:00,230.13600428123,2020-07-16 08:00:00,221.980909090909,215.663636363636,19.7727272727273,11.7042669189148,230.13600428123,2020-07-16 09:15:00,215.663636363636
"309","VAUL",2020-07-16 09:30:00,228.385510229738,2020-07-16 08:00:00,222.495454545455,216.063636363636,19.5063636363636,11.6734507429896,228.385510229738,2020-07-16 09:30:00,216.063636363636
"310","VAUL",2020-07-16 09:45:00,223.134028075379,2020-07-16 08:00:00,222.904545454545,216.518181818182,19.82,11.7019842392166,223.134028075379,2020-07-16 09:45:00,216.518181818182
"311","VAUL",2020-07-16 10:00:00,223.134028075379,2020-07-16 08:00:00,223.268181818182,216.909090909091,18.5963636363636,11.6295091588001,223.134028075379,2020-07-16 10:00:00,216.909090909091
"312","VAUL",2020-07-16 10:15:00,219.633039972396,2020-07-16 08:00:00,223.36,217.354545454545,19.5372727272727,11.7556272121234,219.633039972396,2020-07-16 10:15:00,217.354545454545
"313","VAUL",2020-07-16 10:30:00,217.882545920962,2020-07-16 08:00:00,223.252727272727,217.7,20.5036363636364,11.5770075257424,217.882545920962,2020-07-16 10:30:00,217.7
"314","VAUL",2020-07-16 10:45:00,219.633039972396,2020-07-16 08:00:00,223.209090909091,218.072727272727,20.4127272727273,11.6894295008768,219.633039972396,2020-07-16 10:45:00,218.072727272727
"315","VAUL",2020-07-16 11:00:00,216.132051869528,2020-07-16 08:00:00,223.205454545455,218.454545454545,20.2972727272727,11.7385071143872,216.132051869528,2020-07-16 11:00:00,218.454545454545
"316","VAUL",2020-07-16 11:15:00,217.882545920962,2020-07-16 08:00:00,223.302727272727,218.718181818182,20.5009090909091,11.6700267234424,217.882545920962,2020-07-16 11:15:00,218.718181818182
"317","VAUL",2020-07-16 11:30:00,217.882545920962,2020-07-16 08:00:00,223.485454545455,218.909090909091,22.7136363636364,11.5598874280062,217.882545920962,2020-07-16 11:30:00,218.909090909091
"318","VAUL",2020-07-16 11:45:00,214.381557818037,2020-07-16 08:00:00,223.757272727273,219.218181818182,19.9536363636364,11.7145389775565,214.381557818037,2020-07-16 11:45:00,219.218181818182
