"","storm.num","storm_start","storm_end","duration_days","total_storm_ppt","intensity","prev7","prev30"
"1","storm1",2022-07-16,2022-07-18,3,8.382,2.794,19.685,31.369
"2","storm2",2022-07-19,2022-07-21,3,7.366,2.45533333333333,18.161,36.322
"3","storm3",2022-08-02,2022-08-04,3,3.302,1.10066666666667,13.462,50.673
"4","storm4a",2022-08-05,2022-08-06,2,15.875,7.9375,11.303,52.705
"5","storm4b",2022-08-06,2022-08-08,3,21.717,7.239,18.161,59.563
"6","storm5",2022-08-08,2022-08-12,5,14.732,2.9464,25.273,69.596
"7","storm6",2022-08-16,2022-08-16,1,0,0,9.399,66.93
"8","storm7",2022-08-19,2022-08-21,3,5.969,1.98966666666667,8.129,57.024
"9","storm8",2022-09-04,2022-09-05,2,7.112,3.556,7.874,58.294
